Name,Id,Lat,Lng,Address,Features,Agoda,Website,Tel,SourceImage,Region
1stbutton Rhinoplasty clinic (첫단추의원),mdcl_3365278,37.5053871607,127.0236686375,"(12th Floor, Cheongho Building), 483 Gangnam-daero, Seocho-gu, Seoul (06541)",Clinic,,,,,
201Company (이공일컴퍼니),mdcl_3366672,37.4913529096,127.0365178650,"2F, 151 Dogok-ro, Gangnam-gu, Seoul (06255)",Clinic,,,,,
21 Century Hospital (서울21세기병원),mdcl_3364714,37.4853310133,127.0157254829,"39 Seochojungang-ro, Seocho-gu, Seoul (06654)",Clinic,,,,,
365mc (365엠씨(mc)병원),mdcl_3451988,37.4930439782,127.0141309657,"126 Seochojungang-ro, Seocho-gu, Seoul (06634)",Clinic,,,,,
AB Plastic Surgery (에이비성형외과),mdcl_3367052,37.4996073141,127.0257686102,"(2nd-4th Floors, BLOCK77), 17 Seocho-daero 77-gil, Seocho-gu, Seoul (06614)",Clinic,,,,,
ATOP Plastic Surgery (에이탑 성형외과),mdcl_3453616,37.4992490666,127.0282433950,"4F-5F, 10 Gangnam-daero 94-gil, Gangnam-gu, Seoul (06134)",Clinic,,,,,
Aimeigroup (아이메이그룹),mdcl_3364619,37.5040179706,127.0289737485,"(B2, B1, 1st, 2nd Floors), 49 Gangnam-daero 110-gil, Gangnam-gu, Seoul (06127)",Clinic,,,,,
Ain Hospital (의료법인 아인의료재단 아인병원),mdcl_3366125,37.4582365393,126.6812650460,"372 Gyeongin-ro, Michuhol-gu, Incheon (22148)",Clinic,,,,,
Airman Inc. ((주)에어맨),mdcl_3364644,37.4489030233,126.4511335285,"(#1032, 2nd Floor, Terminal 1), 272 Gonghang-ro, Yeongjong-gu, Incheon (22382)",Clinic,,,,,
Allforskin Dermatology Clinic (올포스킨피부과),mdcl_3563121,35.8675952667,128.5959488076,"4th Floor, Dongwon Building, 26 Dongseong-ro 5-gil, Jung-gu, Daegu (41942)",Clinic,,,,,
Andong Hospital (안동병원),mdcl_3366829,36.5475810368,128.7002536293,"11 Angsil-ro, Andong-si, Gyeongsangbuk-do (36743)",Clinic,,,,,
"Anxin International Medical Co,.Ltd (안심국제 주식회사)",mdcl_3366167,37.5196549690,127.0248264612,"(#3532), 41 Nonhyeon-ro 151-gil, Gangnam-gu, Seoul (06037)",Clinic,,,,,
Apgujeong Oracle Clinic (압구정오라클피부과),mdcl_3364076,37.5259432118,127.0295091903,"(4th Floor, Miseung Building, Sinsa-dong) 23 Apgujeong-ro 30-gil, Gangnam-gu, Seoul (06022)",Clinic,,,,,
Appletree Dental Hospital (사과나무치과병원),mdcl_3364481,37.6713075887,126.7596047057,"1450 Jungang-ro, Ilsanseo-gu, Goyang-si, Gyeonggi-do (10387)",Clinic,,,,,
April 31 Plastic Surgery (4월31일성형외과),mdcl_3364678,37.5151500279,127.0299150153,"(April 31 Building), 707 Nonhyeon-ro, Gangnam-gu, Seoul (06046)",Clinic,,,,,
Arc Plastic Surgery (아크성형외과의원),mdcl_3366140,37.5038401157,127.0235325821,"(9th Floor, K-Platz), 368 Sapyeong-daero, Seocho-gu, Seoul (06611)",Clinic,,,,,
Arumdaun Nara Dermatology Clinic - Myeongdong (아름다운나라피부과의원 명동점),mdcl_3563082,37.5616938077,126.9845928251,"4th Floor, 6 Myeongdong 8na-gil, Jung-gu, Seoul (04536)",Clinic,,,,,
Asan Medical Center (서울아산병원),mdcl_3367119,37.5249308512,127.1079020837,"(Pungnap-dong), 88 Olympic-ro 43-gil, Songpa-gu, Seoul (05505)",Clinic,,,,,
Atlas21 (주식회사 아틀라스21),mdcl_3364665,35.8670508606,128.5946739350,"(5th Floor), 15 Dongseong-ro 1-gil, Jung-gu, Daegu (41942)",Clinic,,,,,
B&VIIT Eye Center (비앤빛안과의원),mdcl_3562945,37.4981602632,127.0259380793,"B2 Floor, GT Tower, 411 Seocho-daero, Seocho-gu, Seoul (06615)",Clinic,,,,,
BASE DERMATOLOGY CLINIC (베이스피부과의원),mdcl_3547900,35.1667063162,129.1324795555,"#203-#204, Centum Diamond Building, 24 Centum 2-ro, Haeundae-gu, Busan (48060)",Clinic,,,,,
"BF Life Sciences Co., Ltd ((주) 비에프생명과학)",mdcl_3366217,37.5242544800,127.0273372138,"(#1, 5th Floor), 10 Nonhyeon-ro 163-gil, Gangnam-gu, Seoul (06031)",Clinic,,,,,
BGN Eye Clinic (밝은눈안과의원),mdcl_3364664,37.5141653654,127.1040749597,"(11th Floor), 300 Olympic-ro, Songpa-gu, Seoul (05551)",Clinic,,,,,
BGN Eye Hospital (밝은눈안과병원),mdcl_3366754,35.1579502424,129.0514007375,"729 Gaya-daero, Busanjin-gu, Busan (47195)",Clinic,,,,,
BIOFACE CLINIC (비오페이스의원),mdcl_3563030,37.5157942046,127.0191743078,"10th Floor, Human Tower, 605 Gangnam-daero, Seocho-gu, Seoul (06526)",Clinic,,,,,
BL plastic syrgery clinic (비엘성형외과의원),mdcl_3364945,35.8702338749,128.5969264260,"(1st-3rd and 11th-13th Floors), 95 Dongseong-ro 2-gil, Jung-gu, Daegu (41938)",Clinic,,,,,
BTMedi Inc. (주식회사 비티메디),mdcl_3467335,37.6643446378,126.7667459162,"#605, 32-19 Gobong-ro, Ilsandong-gu, Goyang-si, Gyeonggi-do (10364)",Clinic,,,,,
Banobagi Plastic Surgery (바노바기성형외과의원),mdcl_3367418,37.5027237977,127.0357065060,"517 Nonhyeon-ro, Gangnam-gu, Seoul (06131)",Clinic,,,,,
Barog Clinic (Deokcheon) (바로그의원 (덕천)),mdcl_3539987,35.2104991059,129.0077919845,"4th Floor, 24 Mandeok-daero, Buk-gu, Busan (46576)",Clinic,,,,,
Boombiz (붐비즈),mdcl_3366146,37.4003730269,127.1048919964,"(#65, 9th Floor), 8 Daewangpangyo-ro 645beon-gil, Bundang-gu, Seongnam-si, Gyeonggi-do (13487)",Clinic,,,,,
Bright St. Mary’s Eye Center (밝은성모안과의원),mdcl_3574948,37.4981186631,127.0293988774,"3rd, 16th, 17th, and 18th Floors, Cambridge Building, 110 Teheran-ro, Gangnam-gu, Seoul (06232)",Clinic,,,,,
Bucheon U-ri General Hospital (부천우리병원),mdcl_3364624,37.5209203411,126.8052158814,"(Wonjong-dong), 726 Sosa-ro, Ojeong-gu, Bucheon-si, Gyeonggi-do (14466)",Clinic,,,,,
Bumin Hospital Seoul (서울부민병원),mdcl_3548816,37.5569169709,126.8509190354,"1st Floor, International Healthcare Center, 389 Gonghang-daero, Gangseo-gu, Seoul (07590)",Clinic,,,,,
Bundang Jesaeng Hospital (대진의료재단 분당제생병원),mdcl_3548137,37.3882552912,127.1217935811,"4th Floor, New Building, 20 Seohyeon-ro 180beon-gil, Bundang-gu, Seongnam-si, Gyeonggi-do (13590)",Clinic,,,,,
Busan Adventist Hospital (삼육부산병원),mdcl_3365841,35.1125518126,129.0115082254,"(Seodaesin-dong 2(i)-ga),170 Daeti-ro, Seo-gu, Busan (49230)",Clinic,,,,,
Busan BGSS Eye Clinic (부산밝은세상안과),mdcl_3466909,35.1572448908,129.0581557245,"8F-11F, 74 Seomyeon-ro, Busanjin-gu, Busan (47286)",Clinic,,,,,
Busan JMJ (부산제이엠제이),mdcl_3366484,35.1521316444,129.0619694214,"50 Jungang-daero 666beon-gil, Busanjin-gu, Busan (47300)",Clinic,,,,,
Busan St Mary's Hospital (부산성모병원),mdcl_3466939,35.1107566018,129.1096608507,"25-14 Yongho-ro 232beon-gil, Nam-gu, Busan (48575)",Clinic,,,,,
Busan Wooridul Spine Hospital (부산우리들병원),mdcl_3364622,35.2213298852,129.0856043560,"1523 Jungang-daero, Dongnae-gu, Busan (47710)",Clinic,,,,,
CHA Bundang Medical Center (차의과학대학교 분당차병원),mdcl_3366432,37.4099083995,127.1253093166,"59 Yatap-ro, Bundang-gu, Seongnam-si, Gyeonggi-do (13496)",Clinic,,,,,
CM Hospital (CM병원),mdcl_3562726,37.5188612288,126.9039347180,"CM Chungmu Hospital, 13 Yeongdeungpo-ro 36-gil, Yeongdeungpo-gu, Seoul (07301)",Clinic,,,,,
CMC Confidence (씨엠씨 컨피던스),mdcl_3441544,37.5205717242,127.0356782255,"#207, Ra-dong, 14 Eonju-ro 148-gil, Gangnam-gu, Seoul (06057)",Clinic,,,,,
COANMI PLASTIC SURGERY (코앤미성형외과의원),mdcl_3366188,37.4988268657,127.0267074350,"(10th Floor, Tongyeong Building), 405 Gangnam-daero, Seocho-gu, Seoul (06615)",Clinic,,,,,
Catholic Kwandong University International ST.Mary's Hospital (가톨릭관동대학교 국제성모병원),mdcl_3367085,37.5423740216,126.6835847124,"25 Simgok-ro 100beon-gil, Seohae-gu, Incheon (22711)",Clinic,,,,,
Cha Fertility Ceter - Seoul Station ((의)성광의료재단 차여성의원),mdcl_3366179,37.5555832124,126.9737773174,"(2nd Floor, Seoul Square), 416 Hangang-daero, Jung-gu, Seoul (04637)",Clinic,,,,,
"Cha Gangnam Medical Center, Cha University (차의과학대학교 강남차병원)",mdcl_3364756,37.5066983126,127.0344120670,"(Yeoksam-dong), 566 Nonhyeon-ro, Gangnam-gu, Seoul (06135)",Clinic,,,,,
Chamin Plastic Surgery (차민성형외과의원),mdcl_3591234,37.5069064137,127.0228270043,"4th–6th Floors, Cheongha Building, 503 Gangnam-daero, Seocho-gu, Seoul (06536)",Clinic,,,,,
Charmdaun Korean Medical Clinic (참다운 한의원),mdcl_3549360,35.8703567587,128.6335259766,"3rd Floor, Jasam Building, 50 Hwarang-ro, Suseong-gu, Daegu (42038)",Clinic,,,,,
Chaum (차움의원),mdcl_3364627,37.5233604406,127.0441051566,"(2nd Floor, Pie'n Polus), 442 Dosan-daero, Gangnam-gu, Seoul (06062)",Clinic,,,,,
Children's Dental Center (씨디씨어린이치과의원),mdcl_3366570,37.5206692889,127.0553653192,"11, Hakdong-ro 97-gil, Gangnam-gu, Seoul (06072)",Clinic,,,,,
Choi Hyeok Korean Medicine Clinic (최혁한의원),mdcl_3365009,37.5806592297,127.0380013098,"(1st Floor), 52 Yangnyeongdong-gil, Dongdaemun-gu, Seoul (02570)",Clinic,,,,,
Chonnam National University Hospital (전남대학교병원),mdcl_3364564,35.1425059777,126.9208657915,"42 Jebong-ro, Dong-gu, Jeonnam-Gwangju Special Metropolitan City (61469)",Clinic,,,,,
Chonnam National University Hwasun Hospital (화순전남대학교병원),mdcl_3549387,35.0603971542,127.0010690978,"B1 Floor, International Medical Center, 322 Seoyang-ro, Hwasun-eup, Hwasun-gun, Jeonnam-Gwangju Special Metropolitan City (58128)",Clinic,,,,,
Chung-Ang Uiversity Hospital (중앙대학교병원),mdcl_3366398,37.5076357737,126.9608659589,"102 Heukseok-ro, Dongjak-gu, Seoul (06973)",Clinic,,,,,
"Circletour Co., Ltd. (주식회사 써클투어)",mdcl_3366418,37.4919055257,127.0310627899,"(#1411, Hwanghwa Building), 320 Gangnam-daero, Gangnam-gu, Seoul (06252)",Clinic,,,,,
Clean Vein Surgery Clinic (클린외과의원),mdcl_3562759,37.5046316919,127.0236103311,"5th Floor, Hyeoncheol Building, 371 Sapyeong-daero, Seocho-gu, Seoul (06541)",Clinic,,,,,
Creation & Love Women's Hospital (CLWH) (시엘병원),mdcl_3580435,35.1614865680,126.8853628995,"957 Mujin-daero, Seo-gu, Jeonnam-Gwangju Special Metropolitan City (61917)",Clinic,,,,,
DA Plastic Surgery (디에이성형외과),mdcl_3549075,37.4996574148,127.0316930691,"DA Plastic Surgery Building, 125 Teheran-ro, Gangnam-gu, Seoul (06133)",Clinic,,,,,
DERAaN Cheongdam Clinic (더안청담의원),mdcl_3539802,37.5228798678,127.0400305417,"2nd Floor, Cheongdam First Tower, 406 Dosan-daero, Gangnam-gu, Seoul (06062)",Clinic,,,,,
DIRAMS Korea Cancer Center Hospital(KCCH) (동남권원자력의학원 원자력병원),mdcl_3366511,35.3207161021,129.2424018483,"40 Jwadong-gil, Jangan-eup, Gijang-gun, Busan (46033)",Clinic,,,,,
DL Plastic Surgery (디엘성형외과의원),mdcl_3364834,37.5120002237,127.0204465215,"(4th Floor, Peyto Plaza), 563 Gangnam-daero, Seocho-gu, Seoul (06531)",Clinic,,,,,
DM Plastic Surgery (디엠성형외과),mdcl_3364641,37.5262542413,127.0269982998,"(2nd Floor), 158 Apgujeong-ro, Gangnam-gu, Seoul (06030)",Clinic,,,,,
DOWON TOUR (도원국제여행사),mdcl_3367406,37.6339536307,127.0710745564,"(#323), 9 Gongneung-ro 59ga-gil, Nowon-gu, Seoul (01830)",Clinic,,,,,
DRAnh Hairplant Clinic (닥터안헤어플란트의원),mdcl_3366119,37.5144002055,127.0349617988,"(2nd Floor), 647 Eonju-ro, Gangnam-gu, Seoul (06105)",Clinic,,,,,
Daegu Fatima Hospital (대구파티마병원),mdcl_3562921,35.8835606423,128.6239347870,"99 Ayang-ro, Dong-gu, Daegu (41199)",Clinic,,,,,
Deesse Plastic Surgery (청담여신성형외과의원),mdcl_3365252,37.5162441789,127.0206713808,"(14th-15th Floors, Nonhyeon-dong), 108 Dosan-daero, Gangnam-gu, Seoul (06038)",Clinic,,,,,
Design Plastic Surgery Clinic (디자인성형외과의원),mdcl_3477557,35.1580947831,129.0574863151,"10F, 785, Gaya-daero, Busanjin-gu, Busan (47257)",Clinic,,,,,
Docfinderkorea (닥파인더코리아),mdcl_3364592,37.5006906522,127.0330706923,"(#301, 3rd Floor), 72 Gangnam-daero 94-gil, Gangnam-gu, Seoul (06133)",Clinic,,,,,
Dogo Dental Clinic (도고치과의원),mdcl_3366209,37.5142423132,127.0584791065,"(4th Floor, Yungok Building), 533 Bongeunsa-ro, Gangnam-gu, Seoul (06087)",Clinic,,,,,
Dong-A University Hospital (동아대학교병원),mdcl_3580187,35.1202399352,129.0166131276,"26 Daesingongwon-ro, Seo-gu, Busan (49201)",Clinic,,,,,
Donggunsan Hospital (의료법인 오성의료재단 동군산병원),mdcl_3365404,35.9775386150,126.7374636026,"149 Jochon-ro, Gunsan-si, Jeonbuk-do (54033)",Clinic,,,,,
Dongpyun Korean Medicine Clinic (동편부부한의원),mdcl_3574617,37.3997288677,126.9616244818,"#202, 2nd Floor, 188 Burim-ro, Dongan-gu, Anyang-si, Gyeonggi-do (14055)",Clinic,,,,,
Dowoo Health Care (주식회사 도우티앤비),mdcl_3364789,35.8458032001,128.5911165067,"(2nd Floor), 7 Bongdeok-ro 1-gil, Nam-gu, Daegu (42430)",Clinic,,,,,
Dr. Kim's Stem Cell Clinic (김현수내과의원),mdcl_3364565,37.5286429818,127.0341448033,"(7th Floor, Ssangbong Building), 874 Eonju-ro, Gangnam-gu, Seoul (06017)",Clinic,,,,,
Dream Plastic Surgery (드림성형외과),mdcl_3367146,37.5246266862,127.0288509545,"(2nd Floor, Seokyeong University Building), 848 Nonhyeon-ro, Gangnam-gu, Seoul (06022)",Clinic,,,,,
ELITE Plastic Surgery (엘리트 성형외과),mdcl_3548986,37.4504100530,126.7028882920,"7th Floor, Entas Building, 593 Inju-daero, Namdong-gu, Incheon (21558)",Clinic,,,,,
Ebookers Korea Inc. ((주)이부커스코리아),mdcl_3364744,37.5635884380,127.0072129322,"(2nd Floor), 212 Jangchungdan-ro, Jung-gu, Seoul (04614)",Clinic,,,,,
Evita Clinic (에비타흉부외과의원),mdcl_3364569,37.5214214843,127.0278178057,"(5th Floor, Burda Moon Building), 815 Nonhyeon-ro, Gangnam-gu, Seoul (06032)",Clinic,,,,,
Ewha Womans University Mokdong Hospital (이화의대부속목동병원),mdcl_3547829,37.5371171312,126.8865857849,"1071 Anyangcheon-ro, Yangcheon-gu, Seoul (07985)",Clinic,,,,,
Ewha Womans University Seoul Hospital (이화의대부속서울병원),mdcl_3366161,37.5573166632,126.8362814705,"260 Gonghang-daero, Gangseo-gu, Seoul (07804)",Clinic,,,,,
Exprive (주식회사 엑스프리베),mdcl_3547648,37.5414641477,127.0582478006,"#705, 38 Ttukseom-ro 13-gil (Seongsu-dong 2-ga, Sangsang Planet), Seongdong-gu, Seoul (04785)",Clinic,,,,,
Eyeonce Eye Clinic Gangnam (강남아이원스안과의원),mdcl_3364770,37.5038401157,127.0235325821,"(5th-6th Floors, K-Platz), 368 Sapyeong-daero, Seocho-gu, Seoul (06611)",Clinic,,,,,
Faceline Plastic Surgery (페이스라인 성형외과의원),mdcl_3365514,37.5233990477,127.0286676727,"(1st Floor, Wonbang Plaza), 838 Nonhyeon-ro, Gangnam-gu, Seoul (06025)",Clinic,,,,,
Fastlane Inc.(YEOTI) (㈜패스트레인(여신티켓)),mdcl_3367754,37.5062820293,127.0530603812,"(10th Floor), 423 Teheran-ro, Gangnam-gu, Seoul (06159)",Clinic,,,,,
First Eye Clinic (퍼스트안과의원),mdcl_3539560,35.0976066965,129.0350065894,"6th–7th Floors, Eungwa & Medical Building, 5 Gudeok-ro, Jung-gu, Busan (48984)",Clinic,,,,,
First Samsung Eye Center (퍼스트삼성안과의원),mdcl_3467117,37.4958577817,127.0275629971,"5F, 22 Seocho-daero 78-gil, Seocho-gu, Seoul (06621)",Clinic,,,,,
Forever Plastic Surgery (포에버성형외과의원),mdcl_3367466,37.5183357572,127.0292372084,"(5th Floor, Patio9), 742 Nonhyeon-ro, Gangnam-gu, Seoul (06049)",Clinic,,,,,
"Frientrip Co., Ltd. (주식회사 프렌트립)",mdcl_3575655,37.5479742491,127.0441516773,"#G704, HEYGROUND, 115 Wangsimni-ro, Seongdong-gu, Seoul (04768)",Clinic,,,,,
Funtour Inc. (주식회사 재미난투어),mdcl_3366551,35.1725000849,129.1310156347,"(#803), 35 Centum dong-ro, Haeundae-gu, Busan (48059)",Clinic,,,,,
GANGNAM BRIGHT-SMILE EYE CLINIC (강남밝은미소안과),mdcl_3548684,37.4992712744,127.0275573454,"3rd Floor, YBM Gangnam Center, 408 Gangnam-daero, Gangnam-gu, Seoul (06134)",Clinic,,,,,
"GONGGAM HL MANAGEMENT Co., Ltd. ((주)공감에이치엘 매니지먼트)",mdcl_3366181,37.5751673404,126.9901086076,"#B119, 59 Donhwamun-ro 11ga-gil, Jongno-gu, Seoul (03132)",Clinic,,,,,
GSam Hospital (지샘병원),mdcl_3364333,37.3587250356,126.9473297081,"591 Gunpo-ro, Gunpo-si, Gyeonggi-do (15839)",Clinic,,,,,
Gachon University Gil Medical Center (의료법인 길의료재단 길병원),mdcl_3367207,37.4514544890,126.7092960126,"21, 774 Beon-gil, Namdong-daero, Namdong-gu, Incheon (21565)",Clinic,,,,,
Galaxy Plastic Surgery (갤럭시성형외과),mdcl_3364801,35.1569143711,129.0581001826,"(9th Floor, Noblesse Tower), 1 Seomyeon-ro 68beon-gil, Busanjin-gu, Busan (47286)",Clinic,,,,,
Gangnam 365 Dental Clinic (강남365치과의원),mdcl_3540163,37.3809922993,126.6566777632,"5th Floor, Honestar Mall, 157 Songdogukje-daero, Yeonsu-gu, Incheon (21984)",Clinic,,,,,
Gangnam Arumdaun Nara Beauty Clinic (강남 아름다운나라 피부과),mdcl_3364566,37.4978936744,127.0285934010,"(12th Floor), 390 Gangnam-daero, Gangnam-gu, Seoul (06232)",Clinic,,,,,
Gangnam Brand Eye Clinic (강남브랜드안과의원),mdcl_3452019,37.5083395694,127.0222214633,"3F & 8F-9F, 519 Gangnam-daero, Seocho-gu, Seoul (06536)",Clinic,,,,,
Gangnam Grand Eye Clinic (강남그랜드안과의원),mdcl_3452285,37.4951606561,127.0284684895,"4F-5F, 363 Gangnam-daero, Seocho-gu, Seoul (06621)",Clinic,,,,,
Gangnam JS Hospital (강남제이에스병원),mdcl_3366242,37.4899752421,127.0337376013,"122 Dogok-ro, Gangnam-gu, Seoul (06259)",Clinic,,,,,
Gangnam Joeunnun Vision Clinic (강남조은눈안과의원),mdcl_3364450,37.4987352472,127.0287683616,"(7th,9th Floors, Meditower), 107 Teheran-ro, Gangnam-gu, Seoul (06134)",Clinic,,,,,
Gangnam Leon Dental Clinic (강남레옹치과의원),mdcl_3539938,37.4996128797,127.0263546669,"4th Floor, Daedong Building, 415 Gangnam-daero, Seocho-gu, Seoul (06614)",Clinic,,,,,
Gangnam Severance Hospital (연세대학교 의과대학 강남세브란스병원),mdcl_3364662,37.4927390451,127.0468113333,"211 Eonju-ro, Gangnam-gu, Seoul (06273)",Clinic,,,,,
Gangnam Smile Eye Clinic (강남스마일안과의원),mdcl_3364495,37.4988268657,127.0267074350,"(4th,6th Floors, Tongyeong Building), 405 Gangnam-daero, Seocho-gu, Seoul (06615)",Clinic,,,,,
Girin Plastic Surgery (기린성형외과의원),mdcl_3367441,37.5026263910,127.0248380533,"(7th-8th Floors), 54 Seocho-daero 77-gil, Seocho-gu, Seoul (06611)",Clinic,,,,,
Global Plastic Surgery (글로벌성형외과의원),mdcl_3453934,37.5260016141,127.0337393595,"8F, 846 Eonju-ro, Gangnam-gu, Seoul (06020)",Clinic,,,,,
Glory Medical And Tour (글로리 매디컬 앤 투어),mdcl_3366236,37.3323365201,126.7961330816,"(#101), 26 Hwarang-ro, Danwon-gu, Ansan-si, Gyeonggi-do (15375)",Clinic,,,,,
Glory Seoul Eye Clinic (글로리서울안과의원),mdcl_3451318,37.4972798144,127.0262186348,"2F, 3 Seocho-daero 74-gil, Seocho-gu, Seoul (06620)",Clinic,,,,,
Glovi Plastic Surgery (글로비성형외과의원),mdcl_3365450,37.5244489133,127.0279899273,"(6th Floor, EGI Building), 843 Nonhyeon-ro, Gangnam-gu, Seoul (06031)",Clinic,,,,,
Gold J Clinic (골드제이의원),mdcl_3540229,37.5045210748,127.0504023398,"8th Floor, Daechi Building, 408 Teheran-ro, Gangnam-gu, Seoul (06192)",Clinic,,,,,
Golden Navis (골든나비스),mdcl_3367727,35.1493491662,129.0913502747,"(5th Floor), 128 Hwangnyeong-daero 319beon-gil, Nam-gu, Busan (48431)",Clinic,,,,,
Golden Tour Korea DMC (골든투어코리아 디엠씨),mdcl_3367550,37.5499529653,126.9544736796,"(#1227), 173 Mapo-daero, Mapo-gu, Seoul (04130)",Clinic,,,,,
Good Moonhwa Hospital (좋은문화병원),mdcl_3549488,35.1408078609,129.0591560867,"119 Beomil-ro, Dong-gu, Busan (48735)",Clinic,,,,,
Goodwill Dental Hospital (굿윌치과병원),mdcl_3451721,35.1539730619,129.0596167976,"4F, 686 Jungang-daero, Busanjin-gu, Busan (47296)",Clinic,,,,,
Gowoonsesang Kim Yang-Che & Jang Bong-Seok Skin Clinic (고운세상 김양제장봉석피부과의원),mdcl_3548871,35.1539730619,129.0596167976,"5th Floor, Gyeongnam Building, 686 Jungang-daero, Busanjin-gu, Busan (47296)",Clinic,,,,,
Grand Plastic Surgery (그랜드성형외과의원),mdcl_3366336,37.5241156178,127.0279232756,"(#601, 6th Floor, JB Miso Building), 841 Nonhyeon-ro, Gangnam-gu, Seoul (06031)",Clinic,,,,,
Gumi Gangdong Hospital (구미강동병원),mdcl_3548918,36.0962217061,128.4228715987,"46 Indong 20-gil, Gumi-si, Gyeongsangbuk-do (39399)",Clinic,,,,,
Guwol Oracle Dermatology & Plastic Surgery (구월동 오라클피부과),mdcl_3364701,37.4451828474,126.7008997299,"(6th Floor, LINK 126), 126 Yesul-ro, Namdong-gu, Incheon (21574)",Clinic,,,,,
H+ Yangji Hospital (에이치플러스 양지병원),mdcl_3562783,37.4844407371,126.9324886413,"1636 Nambusunhwan-ro, Gwanak-gu, Seoul (08779)",Clinic,,,,,
HERSHE Plastic Surgery (허쉬성형외과의원),mdcl_3549377,37.5209913684,127.0495019551,"2nd-4th Floors, 730 Samseong-ro, Cheongdam-dong, Gangnam-gu, Seoul (06073)",Clinic,,,,,
Hakeem Travel Korea (하킴트래블코리아),mdcl_3539693,37.5179193723,126.8871668279,"7th Floor, 10 Seonyu-ro 9-gil, Yeongdeungpo-gu, Seoul (07281)",Clinic,,,,,
Hansarang Hospital (의료법인 서전의료재단 한사랑병원),mdcl_3364734,37.3071320362,126.8484512468,"345 Gwandeok 1-ro, Sangnok-gu, Ansan-si, Gyeonggi-do (15494)",Clinic,,,,,
Hanshin Medipia Health Care ((사) 정해복지부설 한신메디피아의원),mdcl_3366169,37.5127832221,127.0068560705,"(3rd Floor), 94 Jamwon-ro, Seocho-gu, Seoul (06520)",Clinic,,,,,
Hanyang University Seoul Hospital (한양대학교병원(서울)),mdcl_3549549,37.5597089743,127.0428959030,"222-1 Wangsimni-ro, Seongdong-gu, Seoul (04763)",Clinic,,,,,
HappyMedion ((주)해피메디온),mdcl_3364607,37.5041543802,127.0464777071,"(#401), 323 Teheran-ro, Gangnam-gu, Seoul (06151)",Clinic,,,,,
Healingeye Clinic (힐링안과의원),mdcl_3549447,37.5044011894,127.0250713153,"10th-11th Floors, 808 Tower, 470 Gangnam-daero, Gangnam-gu, Seoul (06123)",Clinic,,,,,
"Healthpedia Co., Ltd. (㈜헬스피디아)",mdcl_3539793,37.5607968483,126.9934475995,"#1014, 2 Toegye-ro 36-gil, Jung-gu, Seoul (04626)",Clinic,,,,,
Heartner (하트너),mdcl_3575672,37.5322955965,126.7376745016,"2nd Floor, 5-9 Ojosan-ro 21beon-gil, Gyeyang-gu, Incheon (21080)",Clinic,,,,,
Herneclinic (에르네의원),mdcl_3364728,37.5023264116,127.0240159147,"(#301-304), 59 Seocho-daero 77-gil, Seocho-gu, Seoul (06611)",Clinic,,,,,
High Eye Center (하이안과),mdcl_3467109,37.5173801727,127.0214796083,"3F, 119 Dosan-daero, Gangnam-gu, Seoul (06035)",Clinic,,,,,
"Himedi, Inc. (하이메디)",mdcl_3563137,37.5013517384,127.0359426346,"4th Floor, 6-9 Teheran-ro 25-gil, Gangnam-gu, Seoul (06132)",Clinic,,,,,
Human Care Service ((주)휴먼케어서비스),mdcl_3441540,35.1761940203,129.1258743142,"#1012, 10F, 1-dong, 99 Centum dong-ro, Haeundae-gu, Busan (48059)",Clinic,,,,,
Hyein Medical Foundation Medical Corporation Hankook   Hospital (의료법인 혜인의료재단 한국병원),mdcl_3366347,33.5001635355,126.5171153570,"(Samdo 1(il)-dong), 193 Seogwang-ro, Jeju-si, Jeju-do) (63183)",Clinic,,,,,
I'mdr. LLC. (아임닥터 유한책임회사),mdcl_3441496,37.5583964706,126.9568315593,"3F, 6-3 Bugahyeon-ro 2-gil, Seodaemun-gu, Seoul (03757)",Clinic,,,,,
ID Clinic (Sinsa Branch) (아이디의원(신사점)),mdcl_3467306,37.5177329585,127.0242043506,"6F, 142 Dosan-daero, Gangnam-gu, Seoul (06039)",Clinic,,,,,
ID Clinic Gangnam (강남 아이디의원),mdcl_3539548,37.5014154327,127.0255269137,"11th Floor, Daewon Building, 437 Gangnam-daero, Seocho-gu, Seoul (06612)",Clinic,,,,,
ID Clinic Hongdae (홍대 아이디의원),mdcl_3539759,37.5551573371,126.9221598111,"10th Floor, H-CUBE, 140 Yanghwa-ro, Mapo-gu, Seoul (04050)",Clinic,,,,,
ID Hospital (아이디병원),mdcl_3467303,37.5177329585,127.0242043506,"142 Dosan-daero, Gangnam-gu, Seoul (06039)",Clinic,,,,,
Ilmi Dental Clinic (일미치과의원),mdcl_3365595,37.4577144884,126.6875394883,"(9th Floor), 428 Gyeongin-ro, Michuhol-gu, Incheon (22149)",Clinic,,,,,
Incheon Himchan General Hospital (인천힘찬종합병원),mdcl_3547942,37.4011132089,126.7146996967,"72 Nonhyeon-ro (Nonhyeon-dong), Namdong-gu, Incheon (21655)",Clinic,,,,,
Incheon Sejong Hospital (인천세종병원),mdcl_3365345,37.5325927697,126.7368662338,"20 Geyangmunhwa-ro, Geyang-gu, Incheon (21080)",Clinic,,,,,
Inha University Hospital (인하대학교의과대학부속병원),mdcl_3364863,37.4579357338,126.6336443978,"27 Inhang-ro, Jemulpo-gu, Incheon (22332)",Clinic,,,,,
Inje University Haeundae Paik Hospital (인제대학교 해운대백병원),mdcl_3547906,35.1732981663,129.1821917183,"875 Haeun-daero, Haeundae-gu, Busan (48108)",Clinic,,,,,
JAYJUN Plastic Surgery & Aesthetic (제이준성형외과),mdcl_3549426,37.5047291149,127.0354231416,"667 Yeoksam-dong, Gangnam-gu, Seoul (06136)",Clinic,,,,,
JK Plastic Surgery Center (제이케이성형외과의원),mdcl_3366252,37.5231490640,127.0279649663,"(JK Building), 835 Nonhyeon-ro, Gangnam-gu, Seoul (06031)",Clinic,,,,,
JW Plastic Surgery (제이더블유(JW)정원성형외과의원),mdcl_3366638,37.5109342848,127.0540684913,"(3rd-7th Floors), 553 Samseong-ro, Gangnam-gu, Seoul (06155)",Clinic,,,,,
JaneDMCKorea (주)제인디엠씨코리아),mdcl_3364681,37.5460923338,126.9562291847,"(4th Floor), 51 Mallijae-ro, Mapo-gu, Seoul (04209)",Clinic,,,,,
Jangdeok Hospital of Korean Medicine (장덕한방병원),mdcl_3549374,37.4859226211,127.0162559735,"B2-4th Floors, Bluefin Tower,, Jangdeok Hospital of Korean Medicine, 42 Seochojungang-ro, Seocho-gu, Seoul (06643)",Clinic,,,,,
Jeju National University Hospital (제주대학교병원),mdcl_3365217,33.4673065089,126.5452192161,"15 Aran 13-gil, Jeju-si, Jeju-do (63241)",Clinic,,,,,
Jin Convalescent Hospital (진요양병원),mdcl_3477597,35.1801564905,126.8740745411,"33, Daejasil-ro, Buk-gu, Jeonnam-Gwangju Special Metropolitan City (61256)",Clinic,,,,,
Jivaka Beauty (지바카 뷰티),mdcl_3580474,37.5021598208,127.0271961857,"6th Floor, 16 Gangnam-daero 102-gil, Gangnam-gu, Seoul (06128)",Clinic,,,,,
K-medi Spring (한강애봄),mdcl_3539523,37.5917269245,127.0122366762,"6th Floor, 63 Dongsomun-ro, Seongbuk-gu, Seoul (02832)",Clinic,,,,,
"KJ Globaltour.Co.,Ltd (케이제이글로벌투어 주식회사)",mdcl_3366195,35.1174351586,129.0418526750,"(#303, Hando Building), 3-6 Jungang-daero 226beon-gil, Dong-gu, Busan (48733)",Clinic,,,,,
KMO (케이엠오),mdcl_3539864,35.8359757647,127.1509387343,"#202, 218 Andeokwon-ro, Deokjin-gu, Jeonju-si, Jeonbuk-do (55008)",Clinic,,,,,
KNOCKKNOCK PLANT DENTAL CLINIC (똑똑플란트치과의원),mdcl_3549160,37.5012876901,127.0266462605,"8th Floor, Jump Milano, 432 Gangnam-daero, Gangnam-gu, Seoul (06129)",Clinic,,,,,
KUIMS (강동경희대학교병원),mdcl_3365815,37.5533756623,127.1573245539,"892 Dongnam-ro, Gangdong-gu, Seoul (05278)",Clinic,,,,,
Kang Dong Hospital (강동병원),mdcl_3365275,35.0894065745,128.9784811731,"145 Dadae-ro, Saha-gu, Busan (49393)",Clinic,,,,,
Kangbuk Samsung Hospital (강북삼성병원),mdcl_3453435,37.5681816549,126.9686079871,"29 Saemunan-ro, Jongno-gu, Seoul (03181)",Clinic,,,,,
Keimyung University Dongsan Hospital (계명대학교 동산병원),mdcl_3364859,35.8540557818,128.4802121609,"1035 Dalgubeol-daero, Dalseo-gu, Daegu (42601)",Clinic,,,,,
Kim Byoung Joon Ledas Varicose Vein Clinic (김병준 레다스 흉부외과의원),mdcl_3364765,35.1588641444,129.0576418365,"(11th-13th Floors, Youngkwang Bookstore Building), 10 Seomyeonmunhwa-ro, Busanjin-gu, Busan (47256)",Clinic,,,,,
Kleam Clinic (클림의원),mdcl_3473879,37.5558072531,126.9216848363,"3F, 141 Yanghwa-ro, Mapo-gu, Seoul (03995)",Clinic,,,,,
Kodi Plastic Surgery (코디성형외과의원),mdcl_3366054,37.5003683433,127.0261602197,"(5th Floor, Hanseung Building), 423 Gangnam-daero, Seocho-gu, Seoul (06614)",Clinic,,,,,
Konkuk University Medical Center (건국대학교병원),mdcl_3365295,37.5413644062,127.0719465561,"120-1 Neungdong-ro, Gwangjin-gu, Seoul (05030)",Clinic,,,,,
Konyang University Hospital (건양대학교병원),mdcl_3466756,36.3063337752,127.3408926121,"158 Gwanjeodong-ro, Seo-gu, Daejeon (35365)",Clinic,,,,,
Korea Global Culture Exchange Center (KGCEC) ((주)케이지문화교류센터),mdcl_3441357,37.4977440297,126.8922697078,"#1404, 3 Gongwon-ro, Guro-gu, Seoul (08298)",Clinic,,,,,
"Korea Institute of Radiological & Medical Sciences, Korea Cancer Center Hospital  (한국원자력의학원 원자력병원)",mdcl_3575174,37.6281878800,127.0847179215,"75 Nowon-ro, Nowon-gu, Seoul (01812)",Clinic,,,,,
Korea Medical Institute Busan Branch ((재)한국의학연구소 부산분사무소),mdcl_3450814,35.1387665027,129.0634807673,"5F, 14 Jobang-ro, Dong-gu, Busan (48741)",Clinic,,,,,
Korea Medical Institute Daegu Branch ((재)한국의학연구소 대구분사무소),mdcl_3450849,35.8618264435,128.5942324526,"B1-B2, 20 Jungang-daero 66-gil, Jung-gu, Daegu (41961)",Clinic,,,,,
Korea Medical Institute Gangnam Clinic ((재)한국의학연구소 강남의원),mdcl_3367379,37.5055515194,127.0508828223,"5F-8F, 411 Teheran-ro, Gangnam-gu, Seoul (06160)",Clinic,,,,,
Korea Medical Institute Gwangju Branch ((재)한국의학연구소 광주분사무소),mdcl_3450820,35.1521453420,126.8489330215,"8F-10F, 58 Sangmujungang-ro, Seo-gu, Jeonnam-Gwangju Special Metropolitan City (61949)",Clinic,,,,,
Korea Medical Institute Jeju Clinic ((재)한국의학연구소 제주의원),mdcl_3463820,33.2836603652,126.5595943387,"61 Sororeum-ro, Seogwipo-si, Jeju-do (63579)",Clinic,,,,,
Korea Medical Institute KMI Yeouido Clinic ((재)한국의학연구소 케이엠아이여의도의원),mdcl_3365179,37.5243581865,126.9248548795,"13F-15F & 17F-18F, 24 Gukjegeumyung-ro 2-gil, Yeongdeungpo-gu, Seoul (07325)",Clinic,,,,,
Korea Medical Institute Korea Central Clinic ((재)한국의학연구소 한국중부의원),mdcl_3364978,37.5055515194,127.0508828223,"B1, 3rd, and 4th Floors, Gwanghwamun Building, 149 Sejong-daero, Jongno-gu, Seoul",Clinic,,,,,
Korea Medical Institute Suwon Branch ((재)한국의학연구소 수원분사무소),mdcl_3450808,37.2503086002,127.0347109160,"1F-2F, 232 Dongsuwon-ro, Gwonseon-gu, Suwon-si, Gyeonggi-do (16553)",Clinic,,,,,
Korea Medical Tourism Promotion Association ((사)대한의료관광진흥협회),mdcl_3366241,37.5713258534,126.9752434045,"(#601) 29-3 Saemunan-ro 9-gil, Jongno-gu, Seoul (03183)",Clinic,,,,,
Korea University Anam Hospital (고려대학교 안암병원),mdcl_3365690,37.5867138974,127.0277631817,"73 Goryeodae-ro, Seongbuk-gu, Seoul (02841)",Clinic,,,,,
Korea University Ansan Hospital (고려대학교 의과대학 부속 안산병원),mdcl_3548857,37.3191857927,126.8258279683,"123 Jeokgeum-ro, Danwon-gu, Ansan-si, Gyeonggi-do (15355)",Clinic,,,,,
Korea University Guro Hospital (고려대학교의과대학부속 구로병원),mdcl_3364810,37.4917056942,126.8839734117,"148 Gurodong-ro, Guro-gu, Seoul (08308)",Clinic,,,,,
Kosin University Gospel Hospital (고신대학교복음병원),mdcl_3364075,35.0808387796,129.0160309182,"262 Gamcheon-ro, Seo-gu, Busan (49267)",Clinic,,,,,
KwangDong Hospital (광동병원),mdcl_3539538,37.5143340360,127.0621621026,"612 Bongeunsa-ro, Gangnam-gu, Seoul (06170)",Clinic,,,,,
Kyung Hee University Medical Center (경희의료원),mdcl_3365939,37.5938024091,127.0525857180,"23 Kyungheedae-ro, Dongdaemun-gu, Seoul (02447)",Clinic,,,,,
Laejoo Travel ((주)내주여행사),mdcl_3364735,37.4766101264,126.8784298962,"(#411), 534 Seobusaet-gil, Geumcheon-gu, Seoul (08505)",Clinic,,,,,
Lante Obgyn (랑뜨산부인과의원),mdcl_3364369,37.5035012829,127.0244630632,"(5th Floor, Regen Medical Tower), 463 Gangnam-daero, Seocho-gu, Seoul (06611)",Clinic,,,,,
Le : Dental Clinic (르치과의원),mdcl_3366963,37.5045872884,127.0256073724,"(9th Floor, Glaston Building), 108 Bongeunsa-ro, Gangnam-gu, Seoul (06123)",Clinic,,,,,
Le Miel Plastic Surgery (르미엘성형외과의원),mdcl_3539776,37.5701207196,126.9909336758,"3rd Floor, 120 Jongno, Jongno-gu, Seoul (03192)",Clinic,,,,,
Leaders Dermatology Clinic Apgujeong (리더스피부과의원 압구정점),mdcl_3547762,37.5257821812,127.0329533260,"4th-5th Floors, 843 Eonju-ro, Gangnam-gu, Seoul (06023)",Clinic,,,,,
Leaders Dermatology Clinic CheongdamDosandaero (리더스피부과의원 청담도산대로점),mdcl_3547793,37.5237658843,127.0404999179,"4th-5th Floors, S&S TOWER, 409 Dosan-daero (Cheongdam-dong), Gangnam-gu, Seoul (06014)",Clinic,,,,,
Leaders Dermatology Clinic CheongdamLuxuryStreet (리더스피부과의원 청담명품거리점),mdcl_3547820,37.5265906574,127.0461243258,"3rd Floor, Diana Building, 445 Apgujeong-ro (Cheongdam-dong), Gangnam-gu, Seoul (06010)",Clinic,,,,,
Leaders Dermatology Clinic Myeongdong (리더스피부과의원 명동점),mdcl_3547641,37.5591829169,126.9806210362,"B1 Floor, 72 Toegye-ro (Hoehyeon-dong 1-ga, SK Leaders' View Namsan), Jung-gu, Seoul (04632)",Clinic,,,,,
Lee & Chaeum Skin Clinic (리앤채움의원),mdcl_3477589,37.5233907028,127.0279760687,"4F, 837, Nonhyeon-ro, Gangnam-gu, Seoul (06031)",Clinic,,,,,
Lee YoungJun Clinic of Korean Medicine (이영준한의원),mdcl_3364584,36.8366972281,127.1458206683,"(4th-5th Floors, Yongam Building), 388 Bongjeong-ro, Seobuk-gu, Cheonan-si, Chungcheongnam-do (31103)",Clinic,,,,,
Lienjang Clinic (리엔장성형외과의원),mdcl_3466956,37.4985296802,127.0268296551,"14F-18F, 403 Gangnam-daero, Seocho-gu, Seoul (06615)",Clinic,,,,,
Lift Plastic Surgery (리프트성형외과의원),mdcl_3364680,35.8653316457,128.5966043686,"(3rd,11th,12th Floors, S Tower), 2127 Dalgubeol-daero, Jung-gu, Daegu (41943)",Clinic,,,,,
Lime Tree Dental Hospital (라임나무치과병원),mdcl_3467038,37.5640657568,126.9847760746,"7F, 43 Myeongdong-gil, Jung-gu, Seoul (04534)",Clinic,,,,,
Live Again (리브어게인),mdcl_3364772,37.4843373788,126.8992972227,"(B201-161-6, Kolon Science Valley 2) 55 Digital-ro 34-gil, Guro-gu, Seoul (08378)",Clinic,,,,,
Liz on with Yonsei Slimline Clinic (리즈온위드 연세슬림라인의원),mdcl_3366266,37.5250157047,127.0385833910,"(3rd Floor, Postam Building), 12 Seolleung-ro 153-gil, Gangnam-gu, Seoul (06019)",Clinic,,,,,
Luke Korean Medicine Hospital (누가한방병원),mdcl_3467170,35.8359757647,127.1509387343,"218 Andeogwon-ro, Deokjin-gu, Jeonju-si, Jeonbuk-do (55008)",Clinic,,,,,
Luxell Clinic (럭쎌내과한의원),mdcl_3364621,37.5043097111,127.0349787497,"(6th Floor, Sinsoae Building), 537 Nonhyeon-ro, Gangnam-gu, Seoul (06126)",Clinic,,,,,
MEDIFUN Inc. (메디펀),mdcl_3563149,35.1463795699,129.0651637455,"8th Floor, Busan International Finance Center (BIFC), 40 Munhyeongeumyung-ro, Nam-gu, Busan (48400)",Clinic,,,,,
MEDIPACT (메디팩트),mdcl_3539613,37.4842048126,126.9413711727,"2nd Floor, 9 Bongcheon-ro 31-gil, Gwanak-gu, Seoul (08750)",Clinic,,,,,
MJ FLB ((주)엠제이에프엘비),mdcl_3441528,37.5685818430,126.9816428989,"#809, 8F, 40 Cheonggyecheon-ro, Jung-gu, Seoul (04521)",Clinic,,,,,
MODEUNMO Clinic (모든모의원),mdcl_3539972,37.5195077402,127.0235071411,"2nd–4th Floors, 57 Nonhyeon-ro 151-gil, Gangnam-gu, Seoul (06036)",Clinic,,,,,
MS Eye Clinic (엠에스안과의원),mdcl_3448339,37.5066005712,127.0048647593,"2F, 189 Sinbanpo-ro, Seocho-gu, Seoul (06512)",Clinic,,,,,
Made U (메이드유 의원),mdcl_3366148,37.5083229216,127.0231519347,"(2nd-4th Floors, Made U Building), 516 Gangnam-daero, Gangnam-gu, Seoul (06114)",Clinic,,,,,
Marble Plastic Surgery (마블성형외과의원),mdcl_3451537,37.5012293446,127.0255769144,"3F, 435 Gangnam-daero, Seocho-gu, Seoul (06612)",Clinic,,,,,
Maria Fertility Hospital (마리아병원),mdcl_3467148,37.5742653041,127.0255415154,"20 Cheonho-daero, Dongdaemun-gu, Seoul (02586)",Clinic,,,,,
MediCaddy Korea (메디캐디코리아),mdcl_3547521,35.1523204502,129.0586113750,"5th Floor, 34 Sincheon-daero 62beon-gil, Busanjin-gu, Busan (47289)",Clinic,,,,,
Medical Avenue ((주)메디컬애비뉴),mdcl_3366684,37.5470532890,126.9537710481,"(#1433, Mapo T Town), 144 Mapo-daero, Mapo-gu, Seoul (04212)",Clinic,,,,,
"Medical Korea Service Co., Ltd (주식회사 메디컬코리아서비스)",mdcl_3562677,37.4976825909,127.0287433936,"4th Floor, 8 Teheran-ro 2-gil, Gangnam-gu, Seoul (06232)",Clinic,,,,,
Medicoper (메디코퍼),mdcl_3364716,37.4498017779,126.7021633751,"(6th Floor), 588 Inju-daero, Namdong-gu, Incheon (21570)",Clinic,,,,,
"Medictel Co., Ltd.(㈜메딕텔)",mdcl_3364727,37.3497456003,127.1070098987,"(#428-36), 46 Dolma-ro, Bundang-gu, Seongnam-si, Gyeonggi-do (13630)",Clinic,,,,,
Medid (메디드),mdcl_3547509,35.1483210259,129.0654997742,"#110, 14th Floor, 133 Jeonpo-daero, Nam-gu, Busan (48400)",Clinic,,,,,
Medien International (메디엔인터내셔날),mdcl_3364596,37.5333164511,126.6671725746,"(Western Blue Hill 210-1402), 37 Bongojae-ro, Seohae-gu, Incheon (22732)",Clinic,,,,,
Mediround.Corp (주식회사 메디라운드),mdcl_3366498,37.5685818430,126.9816428989,"10F, Unit B1031, 8, Gangnam-daero 69-gil, Seocho-gu, Seoul (04521)",Clinic,,,,,
"Mediwin Co., Ltd. (주식회사 메디윈)",mdcl_3364782,37.4908139796,127.0307239634,"(#1111, Korea Business Center), 309 Gangnam-daero, Seocho-gu, Seoul (06628)",Clinic,,,,,
Mine Plastic Surgery (마인성형외과의원),mdcl_3366186,37.5212131783,127.0279927959,"(3rd-6th Floors, Yeongseok Building), 813 Nonhyeon-ro, Gangnam-gu, Seoul (06032)",Clinic,,,,,
Minish Dental Hospital (미니쉬치과병원),mdcl_3446967,37.5199134535,127.0349116472,"728 Eonju-ro, Gangnam-gu, 728 Eonju-ro, Gangnam-gu, Seoul (06057)",Clinic,,,,,
MisoU Plastic Surgery (미소유성형외과의원),mdcl_3466973,37.5053427377,127.0245713344,"3F, 480 Gangnam-daero, Gangnam-gu, Seoul (06120)",Clinic,,,,,
Mo & Bless Clinic (모앤블레스의원),mdcl_3539704,37.5276402442,127.0299091065,"2nd Floor, 208 Apgujeong-ro, Gangnam-gu, Seoul (06022)",Clinic,,,,,
Mudiocean Inc. (주식회사 뮤디오션),mdcl_3441455,37.5104591230,127.0419862712,"4F, 7 Bongeunsa-ro 49-gil, Gangnam-gu, Seoul (06103)",Clinic,,,,,
Myongji Hospital (명지병원),mdcl_3364330,37.6422177931,126.8303796163,"55 Hwasu-ro 14beon-gil, Deogyang-gu, Goyang-si, Gyeonggi-do (10475)",Clinic,,,,,
NEW CFC lnc (㈜뉴씨에프씨),mdcl_3539857,37.5068404766,126.7520016842,"#303, Naru Building, 33 Gilju-ro 77beon-gil, Wonmi-gu, Bucheon-si, Gyeonggi-do (14543)",Clinic,,,,,
NHIS Ilsan Hospital (국민건강보험 일산병원),mdcl_3548924,37.6455278529,126.7930551539,"100 Ilsan-ro, Ilsandong-gu, Goyang-si, Gyeonggi-do (10444)",Clinic,,,,,
NUNE EYE HOSPITAL (누네안과병원),mdcl_3562825,35.8637930304,128.6019511626,"2179 Dalgubeol-daero, Jung-gu, Daegu (41940)",Clinic,,,,,
Naeunhospital (나은병원),mdcl_3366081,37.4891107030,126.6797948763,"23 Wonjeok-ro, Seohae-gu, Incheon (22819)",Clinic,,,,,
Namchon Medical Foundation Shihwa Medical Center (의료법인 남촌의료재단 시화병원),mdcl_3364152,37.3500084231,126.7369851962,"381 Gunjacheon-ro, Siheung-si, Gyeonggi-do (15034)",Clinic,,,,,
Nana Plastic Surgery (나나성형외과의원),mdcl_3364783,37.5062592900,127.0241296820,"(2nd-10th and 12th-13th Floors, HM Tower), 492 Gamnam-daero, Gangnam-gu, Seoul (06119)",Clinic,,,,,
Nanoori Hospital (나누리병원),mdcl_3364686,37.5203606073,127.0339950515,"(Nonhyeon-dong), 731 Eonju-ro, Gangnam-gu, Seoul (06048)",Clinic,,,,,
Nasaret International Hospital (나사렛국제병원),mdcl_3466847,37.4080032958,126.6705174206,"98 Meonugeum-ro, Yeonsu-gu, Incheon (21972)",Clinic,,,,,
Nell Clinic (넬의원),mdcl_3548942,35.1561672317,129.0580529855,"1st Floor, Centum Medical Tower, 60 Seomyeon-ro, Busanjin-gu, Busan (47286)",Clinic,,,,,
Note Plastic Surgery (노트성형외과의원),mdcl_3366798,37.5120002237,127.0204465215,"(12th-15th Floors, Peyto Plaza Building), 563 Gangnam-daero, Seocho-gu, Seoul (06531)",Clinic,,,,,
Nunevit Eye Clinic (누네빛안과의원),mdcl_3366399,35.1569642998,129.0545393801,"(7th-13th Floors, Nune Medi Tower), 77 Bujeon-ro, Busanjin-gu, Busan (47284)",Clinic,,,,,
ODE Clinic (오드의원),mdcl_3575139,37.4936247569,127.0303211426,"8th Floor, Gyeongwon Building, 340 Gangnam-daero, Gangnam-gu, Seoul (06242)",Clinic,,,,,
Oganacell Dermatology Clinic (오가나셀피부과의원),mdcl_3365419,37.5231076562,127.0420970134,"(2nd Floor, Building A, Cheongdam Square), 420 Dosan-daero, Gangnam-gu, Seoul (06062)",Clinic,,,,,
Ohkims Dermatology Clinic (오킴스피부과의원),mdcl_3366149,37.6519574063,126.7787979424,"(10th Floor, New Samchang Building), 123 Gangseok-ro, Ilsandong-gu, Goyang-si, Gyeonggi-do (10414)",Clinic,,,,,
Olive Skin Clinic (올리브피부과의원),mdcl_3539851,35.2110712672,129.0079752862,"6th Floor, 3 Mandeok-daero 27beon-gil, Buk-gu, Busan (46548)",Clinic,,,,,
Onnuri Smile Eye Clinic (온누리스마일안과),mdcl_3549091,37.4981130564,127.0265213615,"B2 Floor, Ara Tower, 3 Seocho-daero 77-gil, Seocho-gu, Seoul (06615)",Clinic,,,,,
Onul Plastic Surgery Clinic (오늘성형외과의원),mdcl_3364916,37.5150748651,127.0203686636,"(10th-11th Floors, Geukdong Building), 596 Gangnam-daero, Seocho-gu, Seoul (06038)",Clinic,,,,,
Phil Hospital of Korean Medicine (필한방병원),mdcl_3364207,36.3595005714,127.3778850862,"(3rd,4th,11th Floors, Calix Building), 128 Cheongsa-ro, Seo-gu, Daejeon (35220)",Clinic,,,,,
Pixelab Beauty Clinic (픽셀랩성형외과의원),mdcl_3539825,37.5012793188,127.0244575708,"3rd Floor, Gangnam Station Riga Square, 42 Seocho-daero 73-gil, Seocho-gu, Seoul (06612)",Clinic,,,,,
Ppeum Global Clinic (쁨글로벌의원),mdcl_3365748,37.5021625500,127.0244742114,"(2nd Floor, APRO Square), 55 Seocho-daero 77-gil, Seocho-gu, Seoul (06611)",Clinic,,,,,
Premiumpass International ((주)프리미엄패스 인터내셔널),mdcl_3364793,37.5583330873,126.8293043003,"(#501-507, Pine Square Building A), 22 Magokjungang 4-ro, Gangseo-gu, Seoul (07631)",Clinic,,,,,
Ray Business Group Inc. (레이비즈니스그룹(주)),mdcl_3366246,37.5077180576,127.0577404698,"(#105, 10th Floor, WeWork Building), 507 Teheran-ro, Gangnam-gu, Seoul (06168)",Clinic,,,,,
Reberry Clinic Gangnam (리베리의원 강남점),mdcl_3574827,37.5018959170,127.0246686448,"B1 Floor, KI Tower, 8 Gangnam-daero 69-gil, Seocho-gu, Seoul (06611)",Clinic,,,,,
Reberry Clinic Myeongdong (리베리의원 명동점),mdcl_3575735,37.5613410916,126.9857538405,"#201, 2nd Floor & #301, 3rd Floor, 58 Myeongdong 10-gil, Jung-gu, Seoul (04536)",Clinic,,,,,
Reberryclinic Yeongjongdo (리베리의원 영종도점),mdcl_3364907,37.4891780531,126.5614723404,"(3rd Floor), 20 Haneuljungang-ro 195beon-gil, Yeongjong-gu, Incheon (22397)",Clinic,,,,,
Rebom Hospital (리봄한방병원),mdcl_3364835,37.5163084100,127.0400862785,"(2nd-4th Floors), 7 Hakdong-ro 50-gil, Gangnam-gu, Seoul (06099)",Clinic,,,,,
Redtable Inc (주식회사 레드테이블),mdcl_3367607,37.5675404193,126.9884367538,"10F, SIGNATURE TOWER(WEST),100,Cheonggyecheon-ro, Jung-gu, Seoul (04542)",Clinic,,,,,
Riz Laser Center (리즈산부인과),mdcl_3364647,37.5176801538,127.0223406327,"(3th-4th Floors, Gyeongseo Building), 127 Dosan-daero, Gangnam-gu, Seoul (06035)",Clinic,,,,,
Roen OB&GYN Clinic (로앤산부인과의원),mdcl_3447106,37.4985296802,127.0268296551,"6F, 403 Gangnam-daero, Seocho-gu, Seoul (06615)",Clinic,,,,,
Ruby Plastic Surgery Clinic (루비성형외과의원),mdcl_3549199,37.5162441789,127.0206713808,"9th-10th Floors, Lex Tower, 108 Dosan-daero, Gangnam-gu, Seoul (06038)",Clinic,,,,,
S-plant Dental Hospital (에스플란트치과병원),mdcl_3365216,37.5230270812,127.0404971618,"(5th-9th Floors, Unit Building, Cheongdam-dong), 410 Dosan-daero, Gangnam-gu, Seoul (06062)",Clinic,,,,,
SEOUL SHINSEGAE EYE CENTER (서울신세계안과의원),mdcl_3540013,37.6137524714,127.0305427149,"3rd–4th Floors, Y-Square, 52 Dobong-ro, Gangbuk-gu, Seoul (01215)",Clinic,,,,,
SHINE BEAUTY MEDICAL (해우광해외무역),mdcl_3539449,37.5135056947,127.0254460242,"#510, MV Tower, 55 Gangnam-daero 132-gil, Gangnam-gu, Seoul (06045)",Clinic,,,,,
SNU Eye Clinic (에스앤유안과의원),mdcl_3366449,37.5175273435,127.0195270045,"(3rd,12th Floors, ICT Tower), 624 Gangnam-daero, Gangnam-gu, Seoul (06035)",Clinic,,,,,
SUNGJI HOSPITAL (성지병원),mdcl_3548866,37.3455699012,127.9542500014,"22 Wonil-ro, Wonju-si, Gangwon-do (26429)",Clinic,,,,,
SYNERGY Plastic Surgery (시너지성형외과의원),mdcl_3547799,37.5168329904,127.0201241919,"1st, 5th Floors, SYH Tower, 107 Dosan-daero, Gangnam-gu, Seoul (06035)",Clinic,,,,,
Saengki Korean Medicine Clinic (생기한의원 강남역),mdcl_3580254,37.4981130564,127.0265213615,"14th Floor, Ara Tower, 3 Seocho-daero 77-gil, Seocho-gu, Seoul (06615)",Clinic,,,,,
Samsung Medical Center (삼성서울병원),mdcl_3367337,37.4869209273,127.0830526451,"81 Irwon-ro, Gangnam-gu, Seoul (06351)",Clinic,,,,,
Samsung Miracle Eye Clinic (삼성미라클안과의원),mdcl_3365455,37.4991130020,127.0299210232,"(7th,14th Floors), 115 Teheran-ro, Gangnam-gu, Seoul (06134)",Clinic,,,,,
Samsung Rehan Woman's Clinic (삼성리한여성의원),mdcl_3366568,35.1691790811,129.1766811994,"(#B-203, Ungsin Cine Art), 802 Haeundae-daero, Haeundae-gu, Busan (48111)",Clinic,,,,,
Seoul BGSS Eye Clinic (서울밝은세상안과),mdcl_3466895,37.5256878628,127.0393583011,"2F & 5F-7F, 823 Seolleung-ro, Gangnam-gu, Seoul (06018)",Clinic,,,,,
Seoul Jaeil Hospital (서울제일병원),mdcl_3364802,37.0799232456,127.0624936985,"(1078 Jisan-dong), 70 Jisan-ro, Pyeongtaek-si, Gyeonggi-do (17763)",Clinic,,,,,
Seoul Miz Hospital (서울미즈병원),mdcl_3548731,37.5379519216,127.1278748958,"1041 Cheonho-daero, Gangdong-gu, Seoul (05335)",Clinic,,,,,
Seoul National University Bundang Hospital (분당서울대학교병원),mdcl_3547944,37.3502569486,127.1235139411,"3rd Floor, Building 1, International Healthcare Center, 82 Gumi-ro 173beon-gil, Bundang-gu, Seongnam-si, Gyeonggi-do (13620)",Clinic,,,,,
Seoul National University Hospital (서울대학교병원),mdcl_3548388,37.5802558498,127.0019157204,"101 Daehak-ro, Jongno-gu, Seoul (03080)",Clinic,,,,,
Seoul National University Hospital Gangnam Center (서울대학교병원 강남의원),mdcl_3365516,37.5000768968,127.0365231734,"(38th,39th Floors and Part of 3rd Floor), 152 Teheran-ro, Gangnam-gu, Seoul (06236)",Clinic,,,,,
Seoul Novos Hospital (서울노보스병원),mdcl_3364691,37.6688407487,127.0438316008,"720 Dobong-ro, Dobong-gu, Seoul (01333)",Clinic,,,,,
Seoul Today Dental Clinic (서울오늘치과의원),mdcl_3562362,37.6522622327,126.8954400577,"3rd Floor, 63 Dongsong-ro, Deogyang-gu, Goyang-si, Gyeonggi-do (10590)",Clinic,,,,,
Severance Hospital (연세대학교 의과대학 세브란스병원),mdcl_3548909,37.5603598026,126.9384859539,"50-1 Yonsei-ro, Seodaemun-gu, Seoul (03722)",Clinic,,,,,
Sinchon Dain Dental Hospital (신촌다인치과병원),mdcl_3364843,37.5550492645,126.9360168847,"(10th-11th Floors, Grand Plaza), 94 Sinchon-ro, Mapo-gu, Seoul (04058)",Clinic,,,,,
Slimfit Korean Medicine Clinic (슬림핏한의원),mdcl_3539436,35.1573726408,129.0574280069,"4th Floor, 784 Gaya-daero, Busanjin-gu, Busan (47285)",Clinic,,,,,
Sojunghannun Ophthalmology Clinic (센텀소중한눈안과),mdcl_3450964,35.1681477998,129.1313296159,"14F, 50 Centum nam-daero, Haeundae-gu, Busan (48060)",Clinic,,,,,
Soon Chun Hyang University Hospital Bucheon (순천향대학교 부속 부천병원),mdcl_3365517,37.4991748883,126.7625703789,"170 Jomaru-ro, Wonmi-gu, Bucheon-si, Gyeonggi-do (14584)",Clinic,,,,,
Soon Chun Hyang University Hospital Seoul (순천향대학교 부속 서울병원),mdcl_3364606,37.5335030003,127.0047362327,"59 Daesagwan-ro, Yongsan-gu, Seoul (04401)",Clinic,,,,,
Soonplus Plastic Surgery · Dermatology (순플러스성형외과의원),mdcl_3366080,37.5144943596,127.0194021015,"(12th-13th Floors, Mulberry Hills Medical Building), 589 Gangnam-daero, Seocho-gu, Seoul (06526)",Clinic,,,,,
Sophia Women's Clinic (소피아여성의원),mdcl_3364741,35.8155856300,127.1054988676,"(3rd Floor), 245 Hongsan-ro, Wansan-gu, Jeonju-si, Jeonbuk-do (54966)",Clinic,,,,,
St. Mary's Jin Eye Center (성모 진 안과 의원),mdcl_3364882,37.4931497978,127.0295128963,"(1st,4th,5th Floors), 337 Gangnam-daero, Seocho-gu, Seoul (06626)",Clinic,,,,,
St. Peter's General Hospital (강남베드로종합병원),mdcl_3548775,37.4854202876,127.0377873616,"2633 Nambusunhwan-ro, Gangnam-gu, Seoul (06268)",Clinic,,,,,
Stantop Urology & Andrology Clinic (스탠탑비뇨의학과의원),mdcl_3364748,37.5050705620,127.0254101547,"(2nd,B2 Floors), 107 Bongeunsa-ro, Gangnam-gu, Seoul (06120)",Clinic,,,,,
Star Parks (스타팍스 주식회사),mdcl_3441413,37.4576313727,127.1658348375,"#101, 11 Euni-ro, Jungwon-gu, Seongnam-si, Gyeonggi-do (13153)",Clinic,,,,,
Stenlee (스텐리),mdcl_3547594,37.5709981632,126.9779959406,"15th Floor, 1 Jongno (Kyobo Life Building), Jongno-gu, Seoul (03154)",Clinic,,,,,
"Style82 Co., Ltd. (㈜스타일82)",mdcl_3539762,37.4800458328,126.8781298265,"#303, Gasan Urban Work I, 135 Gasan digital 2-ro, Geumcheon-gu, Seoul (08504)",Clinic,,,,,
"Sungsam Medical Foundation, Miz Medi Hospital (성삼의료재단미즈메디병원)",mdcl_3366506,37.5522366912,126.8358705393,"295 Gangseo-ro, Gangseo-gu, Seoul (07639)",Clinic,,,,,
Syncverse (주식회사 싱크버스),mdcl_3366193,37.6211940583,126.9196498398,"(B103, Bethel Building), 875 Tongil-ro, Eunpyeong-gu, Seoul (03329)",Clinic,,,,,
THE RIVER DEMATOLOGY (더리버피부과의원),mdcl_3574535,37.5354231146,126.8995207648,"6th Floor, 68 Yangpyeong-ro, Yeongdeungpo-gu, Seoul (07222)",Clinic,,,,,
THE WELL SAEM HOSPITAL OF KOREAN MEDICINE (더웰샘한방병원),mdcl_3549040,37.4760869608,126.9776930947,"4th, 6th Floors, Hanil Plaza, 7 Namhyeon-gil (Namhyeon-dong), Gwanak-gu, Seoul (08806)",Clinic,,,,,
Thank You Korean Medicine Clinic (고마워한의원),mdcl_3364700,35.1370201197,129.0983472266,"(#505, Sewoong Building), 295 Suyeong-ro, Nam-gu, Busan (48434)",Clinic,,,,,
The 3.0 Clinic (더3.0피부과의원),mdcl_3365967,37.5234184681,127.0274566711,"(4th Floor, Cham Building, Sinsa-dong), 48 Apgujeong-ro 28-gil, Gangnam-gu, Seoul (06031)",Clinic,,,,,
The Catholic Univ. of Kroea Incheon ST.Mary's Hospital (가톨릭대학교 인천성모병원),mdcl_3367054,37.4852786131,126.7248797595,"56 Dongsu-ro, Bupyeong-gu, Incheon (21431)",Clinic,,,,,
The Catholic University of Korea Bucheon St. Mary’s Hospital (가톨릭대학교 부천성모병원),mdcl_3548179,37.4873351510,126.7937373126,"327 Sosa-ro, Wonmi-gu, Bucheon-si, Gyeonggi-do (14647)",Clinic,,,,,
The Catholic University of Korea Seoul St. Mary's Hospital  (가톨릭대학교 서울성모병원),mdcl_3466682,37.4996902526,127.0043094496,"222 Banpo-daero, Seocho-gu, Seoul (06591)",Clinic,,,,,
"The Catholic University of Korea, Yeouido St. Mary's Hospital (가톨릭대학교 여의도성모병원)",mdcl_3364983,37.5181452204,126.9360734763,"(Yeouido-dong), 10 63-ro, Yeongdeungpo-gu, Seoul (07345)",Clinic,,,,,
The Clim Clinic (더끌림산부인과의원),mdcl_3364757,37.5610049857,126.9838790209,"(12th Floor, 2431 Building),109 Toegye-ro, Jung-gu, Seoul (04536)",Clinic,,,,,
The First Skin Clinic (더퍼스트피부과의원 부산본점),mdcl_3539891,35.2342271037,129.0133325186,"#702–704, 287 Geumgok-daero, Buk-gu, Busan (46526)",Clinic,,,,,
Topface Plastic Surgery (탑페이스성형외과의원),mdcl_3366265,37.5240934132,127.0287620889,"(4th Floor, Apgujeong Building), 842 Nonhyeon-ro, Gangnam-gu, Seoul (06025)",Clinic,,,,,
Toxnfill Clinic (톡스앤필의원 강남),mdcl_3575408,37.4996128797,127.0263546669,"10th–11th Floors, Daedong Building, 415 Gangnam-daero, Seocho-gu, Seoul (06614)",Clinic,,,,,
Trinity Women's Clinic (트리니티여성의원),mdcl_3467319,37.5162441789,127.0206713808,"3F, 108 Dosan-daero, Gangnam-gu, Seoul (06038)",Clinic,,,,,
Trium House (주식회사 트리움하우스),mdcl_3441533,37.4123915581,127.1315920088,"2F, Na-dong, 13-8 Jangmi-ro 92beon-gil, Bundang-gu, Seongnam-si, Gyeonggi-do (13505)",Clinic,,,,,
Trueman Clinic (트루맨남성의원),mdcl_3364883,37.4981130564,127.0265213615,"(7th Floor, Ara Tower), 3 Seocho-daero 77-gil, Seocho-gu, Seoul (06615)",Clinic,,,,,
VIP Plastic Surgery (VIP성형외과),mdcl_3366468,33.4894754142,126.4909845373,"(3rd Floor), 46 Eunnam 1-gil, Jeju-si, Jeju-do (63124)",Clinic,,,,,
Verygood Plastic Surgery (베리굿성형외과의원),mdcl_3365081,37.4996073141,127.0257686102,"(8th-9th Floors, Block 77), 17 Seocho-daero 77-gil, Seocho-gu, Seoul (06614)",Clinic,,,,,
View Plastic Surgery (뷰성형외과),mdcl_3364779,37.5050705620,127.0254101547,"107 Bongeunsa-ro, Gangnam-gu, Seoul (06120)",Clinic,,,,,
WENERD Corp. (주식회사 위너드),mdcl_3539958,37.5590677414,126.9080443215,"#201, Saul Building, 21 Seongmisan-ro 1-gil, Mapo-gu, Seoul (03971)",Clinic,,,,,
WIZ & MI Clinic (위즈앤미의원),mdcl_3453344,37.5647851014,126.9838705814,"#401-#403, 21 Myeongdong 7-gil, Jung-gu, Seoul (04534)",Clinic,,,,,
WOOA Plastic Surgery (우아성형외과의원),mdcl_3467329,37.5062592900,127.0241296820,"492 Gangnam-daero, Gangnam-gu, Seoul (06119)",Clinic,,,,,
WOORIDUL SPINE HOSPITAL (우리들병원),mdcl_3575249,37.5191499175,127.0495964432,"445 Hakdong-ro, Gangnam-gu, Seoul (06068)",Clinic,,,,,
We Hospital (WE병원),mdcl_3365654,33.2861082705,126.4442681743,"453-95 1100-ro, Seogwipo-si, Jeju-do (63551)",Clinic,,,,,
We Trip Korea ((주)우리클럽관광개발),mdcl_3366158,37.5452284392,126.9503158589,"(101-1204, Lotte Castle President), 467 Gongdeok-dong, Mapo-gu, Seoul (04146)",Clinic,,,,,
Wonjin Plastic Surgery (원진성형외과의원),mdcl_3364935,37.4998545157,127.0262268942,"(12th-18th Floors, Pagoda Tower), 419 Gangnam-daero, Seocho-gu, Seoul (06614)",Clinic,,,,,
Wonju Severance Christian Hospital (연세대학교 원주세브란스기독병원),mdcl_3447081,37.3490693585,127.9468311240,"20 Ilsan-ro, Wonju-si, Gangwon-do (26426)",Clinic,,,,,
Wonkwang University Hospital (원광대학교병원),mdcl_3365977,35.9639828466,126.9582581162,"895 Muwang-ro, Iksan-si, Jeonbuk-do (54538)",Clinic,,,,,
Woo Joo Yon Clinic (우주연한의원),mdcl_3364920,37.5830941296,126.9863503920,"(2nd Floor, Hanok), 41 Bukchon-ro 12-gil, Jongno-gu, Seoul (03056)",Clinic,,,,,
Wowvos ((주)와우보스),mdcl_3364645,37.5024106311,126.7629813619,"(4th Floor, Buil Building), 135 Sohyang-ro, Bucheon-si, Gyeonggi-do (14547)",Clinic,,,,,
YH Korea Inc. (와이에이치코리아 주식회사),mdcl_3539724,37.5338740369,126.6285733053,"#2211, Cheongna Cube Signature 1st Officetel, 10 Cheongna hannae-ro 100beon-gil, Seohae-gu, Incheon (22758)",Clinic,,,,,
YONSEI HEAL DENTAL CLINIC (연세힐치과의원),mdcl_3562418,37.5463123815,126.8359845849,"1st–2nd Floor, Ujangsan Harrington Tower, 231 Gangseo-ro, Gangseo-gu, Seoul (07705)",Clinic,,,,,
YOU&I Clinic Daegu (유앤아이의원 대구점),mdcl_3562464,35.8685812303,128.5940128393,"3rd Floor, Hyundai Building, 398 Jungang-daero, Jung-gu, Daegu (41937)",Clinic,,,,,
YOU&I Clinic Jamsil (유앤아이의원 잠실점),mdcl_3562610,37.5123821225,127.0976311526,"3rd Floor, Lotte World Wellbeing Center, 240 Olympic-ro, Songpa-gu, Seoul (05554)",Clinic,,,,,
YOU&I Clinic Kundae (유앤아이의원 건대점),mdcl_3562681,37.5411810221,127.0679441480,"2nd Floor, 219 Achasan-ro, Gwangjin-gu, Seoul (05019)",Clinic,,,,,
YOU&I Clinic Myeongdong (유앤아이의원 명동점),mdcl_3562474,37.5642379283,126.9830206742,"#F301, 3rd Floor, Timewalk Myeong-dong Building, 78 Namdaemun-ro, Jung-gu, Seoul (04534)",Clinic,,,,,
YOU&I Clinic Wangsimni (유앤아이의원 왕십리점),mdcl_3562585,37.5617808002,127.0342577423,"2nd–3rd Floor, Handong Tower, 315 Wangsimni-ro, Seongdong-gu, Seou (04715)",Clinic,,,,,
YallaKOREA (얄라코리아),mdcl_3539998,37.5704592339,126.9722575901,"#700, The Salvation Army Building, 69 Saemunan-ro, Jongno-gu, Seoul (03175)",Clinic,,,,,
Yeon-San Dangdang Korean Medicine Hospital (연산당당한방병원),mdcl_3366062,35.1818398361,129.0840028018,"82 World cup-daero, Yeonje-gu, Busan (47580)",Clinic,,,,,
Yeson Voice Center (예송이비인후과 음성센터),mdcl_3447019,37.5235715870,127.0474298483,"773 Samseong-ro, Gangnam-gu, Seoul (06062)",Clinic,,,,,
Yonsei GoodDay Dental Clinic (연세굿데이치과의원 수서점),mdcl_3574999,37.4881628110,127.1031202287,"2nd Floor, Suseo Office Building, 281 Gwangpyeong-ro, Gangnam-gu, Seoul (06349)",Clinic,,,,,
Yonsei GoodDay Dental Clinic Yangjae Office (연세굿데이치과의원 양재점),mdcl_3591216,37.4827122461,127.0365319967,"5th–6th Floors, 206 Gangnam-daero, Seocho-gu, Seoul (06743)",Clinic,,,,,
Yonsei University Dental Hospital (연세대학교 치과대학병원),mdcl_3563108,37.5603598026,126.9384859539,"50-1 Yonsei-ro, Seodaemun-gu, Seoul (03722)",Clinic,,,,,
You&I Clinic Gangnam (강남유앤아이의원),mdcl_3364593,37.5044011894,127.0250713153,"(5th-6th Floors, 808 Tower), 470 Gangnam-daero, Gangnam-gu, Seoul (06123)",Clinic,,,,,
Youth Clinic (유스의원),mdcl_3364611,37.5210641098,126.9240022713,"(4th Floor, Islex), 108 Uisadang-daero, Yeongdeungpo-gu, Seoul (07322)",Clinic,,,,,
Youus Tours (유어스투어),mdcl_3575462,37.5586163066,126.8247435978,"#912-913, Magok M-Signature, 20 Magokjungang 1-ro, Gangseo-gu, Seoul (07807)",Clinic,,,,,
line-up dental hospital (라인업치과병원),mdcl_3574754,35.1597306905,129.0563558132,"3rd–4th Floors, 26 Seomyeonmunhwa-ro, Busanjin-gu, Busan (47256)",Clinic,,,,,
"medicity Co., Ltd (주식회사 메디씨티)",mdcl_3539944,37.6645446192,126.7669875552,"#302, 43-55 Mugunghwa-ro, Ilsandong-gu, Goyang-si, Gyeonggi-do (10364)",Clinic,,,,,
