Id,Title,Lat,Lng,Categories,Address,Website,Tel,SourceImage,Region
mdcl_3365278,1stbutton Rhinoplasty clinic (첫단추의원),37.5053871607,127.0236686375,Clinic,"(12th Floor, Cheongho Building), 483 Gangnam-daero, Seocho-gu, Seoul (06541)",,,,
mdcl_3366672,201Company (이공일컴퍼니),37.4913529096,127.0365178650,Clinic,"2F, 151 Dogok-ro, Gangnam-gu, Seoul (06255)",,,,
mdcl_3364714,21 Century Hospital (서울21세기병원),37.4853310133,127.0157254829,Clinic,"39 Seochojungang-ro, Seocho-gu, Seoul (06654)",,,,
mdcl_3451988,365mc (365엠씨(mc)병원),37.4930439782,127.0141309657,Clinic,"126 Seochojungang-ro, Seocho-gu, Seoul (06634)",,,,
mdcl_3367052,AB Plastic Surgery (에이비성형외과),37.4996073141,127.0257686102,Clinic,"(2nd-4th Floors, BLOCK77), 17 Seocho-daero 77-gil, Seocho-gu, Seoul (06614)",,,,
mdcl_3453616,ATOP Plastic Surgery (에이탑 성형외과),37.4992490666,127.0282433950,Clinic,"4F-5F, 10 Gangnam-daero 94-gil, Gangnam-gu, Seoul (06134)",,,,
mdcl_3364619,Aimeigroup (아이메이그룹),37.5040179706,127.0289737485,Clinic,"(B2, B1, 1st, 2nd Floors), 49 Gangnam-daero 110-gil, Gangnam-gu, Seoul (06127)",,,,
mdcl_3366125,Ain Hospital (의료법인 아인의료재단 아인병원),37.4582365393,126.6812650460,Clinic,"372 Gyeongin-ro, Michuhol-gu, Incheon (22148)",,,,
mdcl_3364644,Airman Inc. ((주)에어맨),37.4489030233,126.4511335285,Clinic,"(#1032, 2nd Floor, Terminal 1), 272 Gonghang-ro, Yeongjong-gu, Incheon (22382)",,,,
mdcl_3563121,Allforskin Dermatology Clinic (올포스킨피부과),35.8675952667,128.5959488076,Clinic,"4th Floor, Dongwon Building, 26 Dongseong-ro 5-gil, Jung-gu, Daegu (41942)",,,,
mdcl_3366829,Andong Hospital (안동병원),36.5475810368,128.7002536293,Clinic,"11 Angsil-ro, Andong-si, Gyeongsangbuk-do (36743)",,,,
mdcl_3366167,"Anxin International Medical Co,.Ltd (안심국제 주식회사)",37.5196549690,127.0248264612,Clinic,"(#3532), 41 Nonhyeon-ro 151-gil, Gangnam-gu, Seoul (06037)",,,,
mdcl_3364076,Apgujeong Oracle Clinic (압구정오라클피부과),37.5259432118,127.0295091903,Clinic,"(4th Floor, Miseung Building, Sinsa-dong) 23 Apgujeong-ro 30-gil, Gangnam-gu, Seoul (06022)",,,,
mdcl_3364481,Appletree Dental Hospital (사과나무치과병원),37.6713075887,126.7596047057,Clinic,"1450 Jungang-ro, Ilsanseo-gu, Goyang-si, Gyeonggi-do (10387)",,,,
mdcl_3364678,April 31 Plastic Surgery (4월31일성형외과),37.5151500279,127.0299150153,Clinic,"(April 31 Building), 707 Nonhyeon-ro, Gangnam-gu, Seoul (06046)",,,,
mdcl_3366140,Arc Plastic Surgery (아크성형외과의원),37.5038401157,127.0235325821,Clinic,"(9th Floor, K-Platz), 368 Sapyeong-daero, Seocho-gu, Seoul (06611)",,,,
mdcl_3563082,Arumdaun Nara Dermatology Clinic - Myeongdong (아름다운나라피부과의원 명동점),37.5616938077,126.9845928251,Clinic,"4th Floor, 6 Myeongdong 8na-gil, Jung-gu, Seoul (04536)",,,,
mdcl_3367119,Asan Medical Center (서울아산병원),37.5249308512,127.1079020837,Clinic,"(Pungnap-dong), 88 Olympic-ro 43-gil, Songpa-gu, Seoul (05505)",,,,
mdcl_3364665,Atlas21 (주식회사 아틀라스21),35.8670508606,128.5946739350,Clinic,"(5th Floor), 15 Dongseong-ro 1-gil, Jung-gu, Daegu (41942)",,,,
mdcl_3562945,B&VIIT Eye Center (비앤빛안과의원),37.4981602632,127.0259380793,Clinic,"B2 Floor, GT Tower, 411 Seocho-daero, Seocho-gu, Seoul (06615)",,,,
mdcl_3547900,BASE DERMATOLOGY CLINIC (베이스피부과의원),35.1667063162,129.1324795555,Clinic,"#203-#204, Centum Diamond Building, 24 Centum 2-ro, Haeundae-gu, Busan (48060)",,,,
mdcl_3366217,"BF Life Sciences Co., Ltd ((주) 비에프생명과학)",37.5242544800,127.0273372138,Clinic,"(#1, 5th Floor), 10 Nonhyeon-ro 163-gil, Gangnam-gu, Seoul (06031)",,,,
mdcl_3364664,BGN Eye Clinic (밝은눈안과의원),37.5141653654,127.1040749597,Clinic,"(11th Floor), 300 Olympic-ro, Songpa-gu, Seoul (05551)",,,,
mdcl_3366754,BGN Eye Hospital (밝은눈안과병원),35.1579502424,129.0514007375,Clinic,"729 Gaya-daero, Busanjin-gu, Busan (47195)",,,,
mdcl_3563030,BIOFACE CLINIC (비오페이스의원),37.5157942046,127.0191743078,Clinic,"10th Floor, Human Tower, 605 Gangnam-daero, Seocho-gu, Seoul (06526)",,,,
mdcl_3364945,BL plastic syrgery clinic (비엘성형외과의원),35.8702338749,128.5969264260,Clinic,"(1st-3rd and 11th-13th Floors), 95 Dongseong-ro 2-gil, Jung-gu, Daegu (41938)",,,,
mdcl_3467335,BTMedi Inc. (주식회사 비티메디),37.6643446378,126.7667459162,Clinic,"#605, 32-19 Gobong-ro, Ilsandong-gu, Goyang-si, Gyeonggi-do (10364)",,,,
mdcl_3367418,Banobagi Plastic Surgery (바노바기성형외과의원),37.5027237977,127.0357065060,Clinic,"517 Nonhyeon-ro, Gangnam-gu, Seoul (06131)",,,,
mdcl_3539987,Barog Clinic (Deokcheon) (바로그의원 (덕천)),35.2104991059,129.0077919845,Clinic,"4th Floor, 24 Mandeok-daero, Buk-gu, Busan (46576)",,,,
mdcl_3366146,Boombiz (붐비즈),37.4003730269,127.1048919964,Clinic,"(#65, 9th Floor), 8 Daewangpangyo-ro 645beon-gil, Bundang-gu, Seongnam-si, Gyeonggi-do (13487)",,,,
mdcl_3574948,Bright St. Mary’s Eye Center (밝은성모안과의원),37.4981186631,127.0293988774,Clinic,"3rd, 16th, 17th, and 18th Floors, Cambridge Building, 110 Teheran-ro, Gangnam-gu, Seoul (06232)",,,,
mdcl_3364624,Bucheon U-ri General Hospital (부천우리병원),37.5209203411,126.8052158814,Clinic,"(Wonjong-dong), 726 Sosa-ro, Ojeong-gu, Bucheon-si, Gyeonggi-do (14466)",,,,
mdcl_3548816,Bumin Hospital Seoul (서울부민병원),37.5569169709,126.8509190354,Clinic,"1st Floor, International Healthcare Center, 389 Gonghang-daero, Gangseo-gu, Seoul (07590)",,,,
mdcl_3548137,Bundang Jesaeng Hospital (대진의료재단 분당제생병원),37.3882552912,127.1217935811,Clinic,"4th Floor, New Building, 20 Seohyeon-ro 180beon-gil, Bundang-gu, Seongnam-si, Gyeonggi-do (13590)",,,,
mdcl_3365841,Busan Adventist Hospital (삼육부산병원),35.1125518126,129.0115082254,Clinic,"(Seodaesin-dong 2(i)-ga),170 Daeti-ro, Seo-gu, Busan (49230)",,,,
mdcl_3466909,Busan BGSS Eye Clinic (부산밝은세상안과),35.1572448908,129.0581557245,Clinic,"8F-11F, 74 Seomyeon-ro, Busanjin-gu, Busan (47286)",,,,
mdcl_3366484,Busan JMJ (부산제이엠제이),35.1521316444,129.0619694214,Clinic,"50 Jungang-daero 666beon-gil, Busanjin-gu, Busan (47300)",,,,
mdcl_3466939,Busan St Mary's Hospital (부산성모병원),35.1107566018,129.1096608507,Clinic,"25-14 Yongho-ro 232beon-gil, Nam-gu, Busan (48575)",,,,
mdcl_3364622,Busan Wooridul Spine Hospital (부산우리들병원),35.2213298852,129.0856043560,Clinic,"1523 Jungang-daero, Dongnae-gu, Busan (47710)",,,,
mdcl_3366432,CHA Bundang Medical Center (차의과학대학교 분당차병원),37.4099083995,127.1253093166,Clinic,"59 Yatap-ro, Bundang-gu, Seongnam-si, Gyeonggi-do (13496)",,,,
mdcl_3562726,CM Hospital (CM병원),37.5188612288,126.9039347180,Clinic,"CM Chungmu Hospital, 13 Yeongdeungpo-ro 36-gil, Yeongdeungpo-gu, Seoul (07301)",,,,
mdcl_3441544,CMC Confidence (씨엠씨 컨피던스),37.5205717242,127.0356782255,Clinic,"#207, Ra-dong, 14 Eonju-ro 148-gil, Gangnam-gu, Seoul (06057)",,,,
mdcl_3366188,COANMI PLASTIC SURGERY (코앤미성형외과의원),37.4988268657,127.0267074350,Clinic,"(10th Floor, Tongyeong Building), 405 Gangnam-daero, Seocho-gu, Seoul (06615)",,,,
mdcl_3367085,Catholic Kwandong University International ST.Mary's Hospital (가톨릭관동대학교 국제성모병원),37.5423740216,126.6835847124,Clinic,"25 Simgok-ro 100beon-gil, Seohae-gu, Incheon (22711)",,,,
mdcl_3366179,Cha Fertility Ceter - Seoul Station ((의)성광의료재단 차여성의원),37.5555832124,126.9737773174,Clinic,"(2nd Floor, Seoul Square), 416 Hangang-daero, Jung-gu, Seoul (04637)",,,,
mdcl_3364756,"Cha Gangnam Medical Center, Cha University (차의과학대학교 강남차병원)",37.5066983126,127.0344120670,Clinic,"(Yeoksam-dong), 566 Nonhyeon-ro, Gangnam-gu, Seoul (06135)",,,,
mdcl_3591234,Chamin Plastic Surgery (차민성형외과의원),37.5069064137,127.0228270043,Clinic,"4th–6th Floors, Cheongha Building, 503 Gangnam-daero, Seocho-gu, Seoul (06536)",,,,
mdcl_3549360,Charmdaun Korean Medical Clinic (참다운 한의원),35.8703567587,128.6335259766,Clinic,"3rd Floor, Jasam Building, 50 Hwarang-ro, Suseong-gu, Daegu (42038)",,,,
mdcl_3364627,Chaum (차움의원),37.5233604406,127.0441051566,Clinic,"(2nd Floor, Pie'n Polus), 442 Dosan-daero, Gangnam-gu, Seoul (06062)",,,,
mdcl_3366570,Children's Dental Center (씨디씨어린이치과의원),37.5206692889,127.0553653192,Clinic,"11, Hakdong-ro 97-gil, Gangnam-gu, Seoul (06072)",,,,
mdcl_3365009,Choi Hyeok Korean Medicine Clinic (최혁한의원),37.5806592297,127.0380013098,Clinic,"(1st Floor), 52 Yangnyeongdong-gil, Dongdaemun-gu, Seoul (02570)",,,,
mdcl_3364564,Chonnam National University Hospital (전남대학교병원),35.1425059777,126.9208657915,Clinic,"42 Jebong-ro, Dong-gu, Jeonnam-Gwangju Special Metropolitan City (61469)",,,,
mdcl_3549387,Chonnam National University Hwasun Hospital (화순전남대학교병원),35.0603971542,127.0010690978,Clinic,"B1 Floor, International Medical Center, 322 Seoyang-ro, Hwasun-eup, Hwasun-gun, Jeonnam-Gwangju Special Metropolitan City (58128)",,,,
mdcl_3366398,Chung-Ang Uiversity Hospital (중앙대학교병원),37.5076357737,126.9608659589,Clinic,"102 Heukseok-ro, Dongjak-gu, Seoul (06973)",,,,
mdcl_3366418,"Circletour Co., Ltd. (주식회사 써클투어)",37.4919055257,127.0310627899,Clinic,"(#1411, Hwanghwa Building), 320 Gangnam-daero, Gangnam-gu, Seoul (06252)",,,,
mdcl_3562759,Clean Vein Surgery Clinic (클린외과의원),37.5046316919,127.0236103311,Clinic,"5th Floor, Hyeoncheol Building, 371 Sapyeong-daero, Seocho-gu, Seoul (06541)",,,,
mdcl_3580435,Creation & Love Women's Hospital (CLWH) (시엘병원),35.1614865680,126.8853628995,Clinic,"957 Mujin-daero, Seo-gu, Jeonnam-Gwangju Special Metropolitan City (61917)",,,,
mdcl_3549075,DA Plastic Surgery (디에이성형외과),37.4996574148,127.0316930691,Clinic,"DA Plastic Surgery Building, 125 Teheran-ro, Gangnam-gu, Seoul (06133)",,,,
mdcl_3539802,DERAaN Cheongdam Clinic (더안청담의원),37.5228798678,127.0400305417,Clinic,"2nd Floor, Cheongdam First Tower, 406 Dosan-daero, Gangnam-gu, Seoul (06062)",,,,
mdcl_3366511,DIRAMS Korea Cancer Center Hospital(KCCH) (동남권원자력의학원 원자력병원),35.3207161021,129.2424018483,Clinic,"40 Jwadong-gil, Jangan-eup, Gijang-gun, Busan (46033)",,,,
mdcl_3364834,DL Plastic Surgery (디엘성형외과의원),37.5120002237,127.0204465215,Clinic,"(4th Floor, Peyto Plaza), 563 Gangnam-daero, Seocho-gu, Seoul (06531)",,,,
mdcl_3364641,DM Plastic Surgery (디엠성형외과),37.5262542413,127.0269982998,Clinic,"(2nd Floor), 158 Apgujeong-ro, Gangnam-gu, Seoul (06030)",,,,
mdcl_3367406,DOWON TOUR (도원국제여행사),37.6339536307,127.0710745564,Clinic,"(#323), 9 Gongneung-ro 59ga-gil, Nowon-gu, Seoul (01830)",,,,
mdcl_3366119,DRAnh Hairplant Clinic (닥터안헤어플란트의원),37.5144002055,127.0349617988,Clinic,"(2nd Floor), 647 Eonju-ro, Gangnam-gu, Seoul (06105)",,,,
mdcl_3562921,Daegu Fatima Hospital (대구파티마병원),35.8835606423,128.6239347870,Clinic,"99 Ayang-ro, Dong-gu, Daegu (41199)",,,,
mdcl_3365252,Deesse Plastic Surgery (청담여신성형외과의원),37.5162441789,127.0206713808,Clinic,"(14th-15th Floors, Nonhyeon-dong), 108 Dosan-daero, Gangnam-gu, Seoul (06038)",,,,
mdcl_3477557,Design Plastic Surgery Clinic (디자인성형외과의원),35.1580947831,129.0574863151,Clinic,"10F, 785, Gaya-daero, Busanjin-gu, Busan (47257)",,,,
mdcl_3364592,Docfinderkorea (닥파인더코리아),37.5006906522,127.0330706923,Clinic,"(#301, 3rd Floor), 72 Gangnam-daero 94-gil, Gangnam-gu, Seoul (06133)",,,,
mdcl_3366209,Dogo Dental Clinic (도고치과의원),37.5142423132,127.0584791065,Clinic,"(4th Floor, Yungok Building), 533 Bongeunsa-ro, Gangnam-gu, Seoul (06087)",,,,
mdcl_3580187,Dong-A University Hospital (동아대학교병원),35.1202399352,129.0166131276,Clinic,"26 Daesingongwon-ro, Seo-gu, Busan (49201)",,,,
mdcl_3365404,Donggunsan Hospital (의료법인 오성의료재단 동군산병원),35.9775386150,126.7374636026,Clinic,"149 Jochon-ro, Gunsan-si, Jeonbuk-do (54033)",,,,
mdcl_3574617,Dongpyun Korean Medicine Clinic (동편부부한의원),37.3997288677,126.9616244818,Clinic,"#202, 2nd Floor, 188 Burim-ro, Dongan-gu, Anyang-si, Gyeonggi-do (14055)",,,,
mdcl_3364789,Dowoo Health Care (주식회사 도우티앤비),35.8458032001,128.5911165067,Clinic,"(2nd Floor), 7 Bongdeok-ro 1-gil, Nam-gu, Daegu (42430)",,,,
mdcl_3364565,Dr. Kim's Stem Cell Clinic (김현수내과의원),37.5286429818,127.0341448033,Clinic,"(7th Floor, Ssangbong Building), 874 Eonju-ro, Gangnam-gu, Seoul (06017)",,,,
mdcl_3367146,Dream Plastic Surgery (드림성형외과),37.5246266862,127.0288509545,Clinic,"(2nd Floor, Seokyeong University Building), 848 Nonhyeon-ro, Gangnam-gu, Seoul (06022)",,,,
mdcl_3548986,ELITE Plastic Surgery (엘리트 성형외과),37.4504100530,126.7028882920,Clinic,"7th Floor, Entas Building, 593 Inju-daero, Namdong-gu, Incheon (21558)",,,,
mdcl_3364744,Ebookers Korea Inc. ((주)이부커스코리아),37.5635884380,127.0072129322,Clinic,"(2nd Floor), 212 Jangchungdan-ro, Jung-gu, Seoul (04614)",,,,
mdcl_3364569,Evita Clinic (에비타흉부외과의원),37.5214214843,127.0278178057,Clinic,"(5th Floor, Burda Moon Building), 815 Nonhyeon-ro, Gangnam-gu, Seoul (06032)",,,,
mdcl_3547829,Ewha Womans University Mokdong Hospital (이화의대부속목동병원),37.5371171312,126.8865857849,Clinic,"1071 Anyangcheon-ro, Yangcheon-gu, Seoul (07985)",,,,
mdcl_3366161,Ewha Womans University Seoul Hospital (이화의대부속서울병원),37.5573166632,126.8362814705,Clinic,"260 Gonghang-daero, Gangseo-gu, Seoul (07804)",,,,
mdcl_3547648,Exprive (주식회사 엑스프리베),37.5414641477,127.0582478006,Clinic,"#705, 38 Ttukseom-ro 13-gil (Seongsu-dong 2-ga, Sangsang Planet), Seongdong-gu, Seoul (04785)",,,,
mdcl_3364770,Eyeonce Eye Clinic Gangnam (강남아이원스안과의원),37.5038401157,127.0235325821,Clinic,"(5th-6th Floors, K-Platz), 368 Sapyeong-daero, Seocho-gu, Seoul (06611)",,,,
mdcl_3365514,Faceline Plastic Surgery (페이스라인 성형외과의원),37.5233990477,127.0286676727,Clinic,"(1st Floor, Wonbang Plaza), 838 Nonhyeon-ro, Gangnam-gu, Seoul (06025)",,,,
mdcl_3367754,Fastlane Inc.(YEOTI) (㈜패스트레인(여신티켓)),37.5062820293,127.0530603812,Clinic,"(10th Floor), 423 Teheran-ro, Gangnam-gu, Seoul (06159)",,,,
mdcl_3539560,First Eye Clinic (퍼스트안과의원),35.0976066965,129.0350065894,Clinic,"6th–7th Floors, Eungwa & Medical Building, 5 Gudeok-ro, Jung-gu, Busan (48984)",,,,
mdcl_3467117,First Samsung Eye Center (퍼스트삼성안과의원),37.4958577817,127.0275629971,Clinic,"5F, 22 Seocho-daero 78-gil, Seocho-gu, Seoul (06621)",,,,
mdcl_3367466,Forever Plastic Surgery (포에버성형외과의원),37.5183357572,127.0292372084,Clinic,"(5th Floor, Patio9), 742 Nonhyeon-ro, Gangnam-gu, Seoul (06049)",,,,
mdcl_3575655,"Frientrip Co., Ltd. (주식회사 프렌트립)",37.5479742491,127.0441516773,Clinic,"#G704, HEYGROUND, 115 Wangsimni-ro, Seongdong-gu, Seoul (04768)",,,,
mdcl_3366551,Funtour Inc. (주식회사 재미난투어),35.1725000849,129.1310156347,Clinic,"(#803), 35 Centum dong-ro, Haeundae-gu, Busan (48059)",,,,
mdcl_3548684,GANGNAM BRIGHT-SMILE EYE CLINIC (강남밝은미소안과),37.4992712744,127.0275573454,Clinic,"3rd Floor, YBM Gangnam Center, 408 Gangnam-daero, Gangnam-gu, Seoul (06134)",,,,
mdcl_3366181,"GONGGAM HL MANAGEMENT Co., Ltd. ((주)공감에이치엘 매니지먼트)",37.5751673404,126.9901086076,Clinic,"#B119, 59 Donhwamun-ro 11ga-gil, Jongno-gu, Seoul (03132)",,,,
mdcl_3364333,GSam Hospital (지샘병원),37.3587250356,126.9473297081,Clinic,"591 Gunpo-ro, Gunpo-si, Gyeonggi-do (15839)",,,,
mdcl_3367207,Gachon University Gil Medical Center (의료법인 길의료재단 길병원),37.4514544890,126.7092960126,Clinic,"21, 774 Beon-gil, Namdong-daero, Namdong-gu, Incheon (21565)",,,,
mdcl_3364801,Galaxy Plastic Surgery (갤럭시성형외과),35.1569143711,129.0581001826,Clinic,"(9th Floor, Noblesse Tower), 1 Seomyeon-ro 68beon-gil, Busanjin-gu, Busan (47286)",,,,
mdcl_3540163,Gangnam 365 Dental Clinic (강남365치과의원),37.3809922993,126.6566777632,Clinic,"5th Floor, Honestar Mall, 157 Songdogukje-daero, Yeonsu-gu, Incheon (21984)",,,,
mdcl_3364566,Gangnam Arumdaun Nara Beauty Clinic (강남 아름다운나라 피부과),37.4978936744,127.0285934010,Clinic,"(12th Floor), 390 Gangnam-daero, Gangnam-gu, Seoul (06232)",,,,
mdcl_3452019,Gangnam Brand Eye Clinic (강남브랜드안과의원),37.5083395694,127.0222214633,Clinic,"3F & 8F-9F, 519 Gangnam-daero, Seocho-gu, Seoul (06536)",,,,
mdcl_3452285,Gangnam Grand Eye Clinic (강남그랜드안과의원),37.4951606561,127.0284684895,Clinic,"4F-5F, 363 Gangnam-daero, Seocho-gu, Seoul (06621)",,,,
mdcl_3366242,Gangnam JS Hospital (강남제이에스병원),37.4899752421,127.0337376013,Clinic,"122 Dogok-ro, Gangnam-gu, Seoul (06259)",,,,
mdcl_3364450,Gangnam Joeunnun Vision Clinic (강남조은눈안과의원),37.4987352472,127.0287683616,Clinic,"(7th,9th Floors, Meditower), 107 Teheran-ro, Gangnam-gu, Seoul (06134)",,,,
mdcl_3539938,Gangnam Leon Dental Clinic (강남레옹치과의원),37.4996128797,127.0263546669,Clinic,"4th Floor, Daedong Building, 415 Gangnam-daero, Seocho-gu, Seoul (06614)",,,,
mdcl_3364662,Gangnam Severance Hospital (연세대학교 의과대학 강남세브란스병원),37.4927390451,127.0468113333,Clinic,"211 Eonju-ro, Gangnam-gu, Seoul (06273)",,,,
mdcl_3364495,Gangnam Smile Eye Clinic (강남스마일안과의원),37.4988268657,127.0267074350,Clinic,"(4th,6th Floors, Tongyeong Building), 405 Gangnam-daero, Seocho-gu, Seoul (06615)",,,,
mdcl_3367441,Girin Plastic Surgery (기린성형외과의원),37.5026263910,127.0248380533,Clinic,"(7th-8th Floors), 54 Seocho-daero 77-gil, Seocho-gu, Seoul (06611)",,,,
mdcl_3453934,Global Plastic Surgery (글로벌성형외과의원),37.5260016141,127.0337393595,Clinic,"8F, 846 Eonju-ro, Gangnam-gu, Seoul (06020)",,,,
mdcl_3366236,Glory Medical And Tour (글로리 매디컬 앤 투어),37.3323365201,126.7961330816,Clinic,"(#101), 26 Hwarang-ro, Danwon-gu, Ansan-si, Gyeonggi-do (15375)",,,,
mdcl_3451318,Glory Seoul Eye Clinic (글로리서울안과의원),37.4972798144,127.0262186348,Clinic,"2F, 3 Seocho-daero 74-gil, Seocho-gu, Seoul (06620)",,,,
mdcl_3365450,Glovi Plastic Surgery (글로비성형외과의원),37.5244489133,127.0279899273,Clinic,"(6th Floor, EGI Building), 843 Nonhyeon-ro, Gangnam-gu, Seoul (06031)",,,,
mdcl_3540229,Gold J Clinic (골드제이의원),37.5045210748,127.0504023398,Clinic,"8th Floor, Daechi Building, 408 Teheran-ro, Gangnam-gu, Seoul (06192)",,,,
mdcl_3367727,Golden Navis (골든나비스),35.1493491662,129.0913502747,Clinic,"(5th Floor), 128 Hwangnyeong-daero 319beon-gil, Nam-gu, Busan (48431)",,,,
mdcl_3367550,Golden Tour Korea DMC (골든투어코리아 디엠씨),37.5499529653,126.9544736796,Clinic,"(#1227), 173 Mapo-daero, Mapo-gu, Seoul (04130)",,,,
mdcl_3549488,Good Moonhwa Hospital (좋은문화병원),35.1408078609,129.0591560867,Clinic,"119 Beomil-ro, Dong-gu, Busan (48735)",,,,
mdcl_3451721,Goodwill Dental Hospital (굿윌치과병원),35.1539730619,129.0596167976,Clinic,"4F, 686 Jungang-daero, Busanjin-gu, Busan (47296)",,,,
mdcl_3548871,Gowoonsesang Kim Yang-Che & Jang Bong-Seok Skin Clinic (고운세상 김양제장봉석피부과의원),35.1539730619,129.0596167976,Clinic,"5th Floor, Gyeongnam Building, 686 Jungang-daero, Busanjin-gu, Busan (47296)",,,,
mdcl_3366336,Grand Plastic Surgery (그랜드성형외과의원),37.5241156178,127.0279232756,Clinic,"(#601, 6th Floor, JB Miso Building), 841 Nonhyeon-ro, Gangnam-gu, Seoul (06031)",,,,
mdcl_3548918,Gumi Gangdong Hospital (구미강동병원),36.0962217061,128.4228715987,Clinic,"46 Indong 20-gil, Gumi-si, Gyeongsangbuk-do (39399)",,,,
mdcl_3364701,Guwol Oracle Dermatology & Plastic Surgery (구월동 오라클피부과),37.4451828474,126.7008997299,Clinic,"(6th Floor, LINK 126), 126 Yesul-ro, Namdong-gu, Incheon (21574)",,,,
mdcl_3562783,H+ Yangji Hospital (에이치플러스 양지병원),37.4844407371,126.9324886413,Clinic,"1636 Nambusunhwan-ro, Gwanak-gu, Seoul (08779)",,,,
mdcl_3549377,HERSHE Plastic Surgery (허쉬성형외과의원),37.5209913684,127.0495019551,Clinic,"2nd-4th Floors, 730 Samseong-ro, Cheongdam-dong, Gangnam-gu, Seoul (06073)",,,,
mdcl_3539693,Hakeem Travel Korea (하킴트래블코리아),37.5179193723,126.8871668279,Clinic,"7th Floor, 10 Seonyu-ro 9-gil, Yeongdeungpo-gu, Seoul (07281)",,,,
mdcl_3364734,Hansarang Hospital (의료법인 서전의료재단 한사랑병원),37.3071320362,126.8484512468,Clinic,"345 Gwandeok 1-ro, Sangnok-gu, Ansan-si, Gyeonggi-do (15494)",,,,
mdcl_3366169,Hanshin Medipia Health Care ((사) 정해복지부설 한신메디피아의원),37.5127832221,127.0068560705,Clinic,"(3rd Floor), 94 Jamwon-ro, Seocho-gu, Seoul (06520)",,,,
mdcl_3549549,Hanyang University Seoul Hospital (한양대학교병원(서울)),37.5597089743,127.0428959030,Clinic,"222-1 Wangsimni-ro, Seongdong-gu, Seoul (04763)",,,,
mdcl_3364607,HappyMedion ((주)해피메디온),37.5041543802,127.0464777071,Clinic,"(#401), 323 Teheran-ro, Gangnam-gu, Seoul (06151)",,,,
mdcl_3549447,Healingeye Clinic (힐링안과의원),37.5044011894,127.0250713153,Clinic,"10th-11th Floors, 808 Tower, 470 Gangnam-daero, Gangnam-gu, Seoul (06123)",,,,
mdcl_3539793,"Healthpedia Co., Ltd. (㈜헬스피디아)",37.5607968483,126.9934475995,Clinic,"#1014, 2 Toegye-ro 36-gil, Jung-gu, Seoul (04626)",,,,
mdcl_3575672,Heartner (하트너),37.5322955965,126.7376745016,Clinic,"2nd Floor, 5-9 Ojosan-ro 21beon-gil, Gyeyang-gu, Incheon (21080)",,,,
mdcl_3364728,Herneclinic (에르네의원),37.5023264116,127.0240159147,Clinic,"(#301-304), 59 Seocho-daero 77-gil, Seocho-gu, Seoul (06611)",,,,
mdcl_3467109,High Eye Center (하이안과),37.5173801727,127.0214796083,Clinic,"3F, 119 Dosan-daero, Gangnam-gu, Seoul (06035)",,,,
mdcl_3563137,"Himedi, Inc. (하이메디)",37.5013517384,127.0359426346,Clinic,"4th Floor, 6-9 Teheran-ro 25-gil, Gangnam-gu, Seoul (06132)",,,,
mdcl_3441540,Human Care Service ((주)휴먼케어서비스),35.1761940203,129.1258743142,Clinic,"#1012, 10F, 1-dong, 99 Centum dong-ro, Haeundae-gu, Busan (48059)",,,,
mdcl_3366347,Hyein Medical Foundation Medical Corporation Hankook   Hospital (의료법인 혜인의료재단 한국병원),33.5001635355,126.5171153570,Clinic,"(Samdo 1(il)-dong), 193 Seogwang-ro, Jeju-si, Jeju-do) (63183)",,,,
mdcl_3441496,I'mdr. LLC. (아임닥터 유한책임회사),37.5583964706,126.9568315593,Clinic,"3F, 6-3 Bugahyeon-ro 2-gil, Seodaemun-gu, Seoul (03757)",,,,
mdcl_3467306,ID Clinic (Sinsa Branch) (아이디의원(신사점)),37.5177329585,127.0242043506,Clinic,"6F, 142 Dosan-daero, Gangnam-gu, Seoul (06039)",,,,
mdcl_3539548,ID Clinic Gangnam (강남 아이디의원),37.5014154327,127.0255269137,Clinic,"11th Floor, Daewon Building, 437 Gangnam-daero, Seocho-gu, Seoul (06612)",,,,
mdcl_3539759,ID Clinic Hongdae (홍대 아이디의원),37.5551573371,126.9221598111,Clinic,"10th Floor, H-CUBE, 140 Yanghwa-ro, Mapo-gu, Seoul (04050)",,,,
mdcl_3467303,ID Hospital (아이디병원),37.5177329585,127.0242043506,Clinic,"142 Dosan-daero, Gangnam-gu, Seoul (06039)",,,,
mdcl_3365595,Ilmi Dental Clinic (일미치과의원),37.4577144884,126.6875394883,Clinic,"(9th Floor), 428 Gyeongin-ro, Michuhol-gu, Incheon (22149)",,,,
mdcl_3547942,Incheon Himchan General Hospital (인천힘찬종합병원),37.4011132089,126.7146996967,Clinic,"72 Nonhyeon-ro (Nonhyeon-dong), Namdong-gu, Incheon (21655)",,,,
mdcl_3365345,Incheon Sejong Hospital (인천세종병원),37.5325927697,126.7368662338,Clinic,"20 Geyangmunhwa-ro, Geyang-gu, Incheon (21080)",,,,
mdcl_3364863,Inha University Hospital (인하대학교의과대학부속병원),37.4579357338,126.6336443978,Clinic,"27 Inhang-ro, Jemulpo-gu, Incheon (22332)",,,,
mdcl_3547906,Inje University Haeundae Paik Hospital (인제대학교 해운대백병원),35.1732981663,129.1821917183,Clinic,"875 Haeun-daero, Haeundae-gu, Busan (48108)",,,,
mdcl_3549426,JAYJUN Plastic Surgery & Aesthetic (제이준성형외과),37.5047291149,127.0354231416,Clinic,"667 Yeoksam-dong, Gangnam-gu, Seoul (06136)",,,,
mdcl_3366252,JK Plastic Surgery Center (제이케이성형외과의원),37.5231490640,127.0279649663,Clinic,"(JK Building), 835 Nonhyeon-ro, Gangnam-gu, Seoul (06031)",,,,
mdcl_3366638,JW Plastic Surgery (제이더블유(JW)정원성형외과의원),37.5109342848,127.0540684913,Clinic,"(3rd-7th Floors), 553 Samseong-ro, Gangnam-gu, Seoul (06155)",,,,
mdcl_3364681,JaneDMCKorea (주)제인디엠씨코리아),37.5460923338,126.9562291847,Clinic,"(4th Floor), 51 Mallijae-ro, Mapo-gu, Seoul (04209)",,,,
mdcl_3549374,Jangdeok Hospital of Korean Medicine (장덕한방병원),37.4859226211,127.0162559735,Clinic,"B2-4th Floors, Bluefin Tower,, Jangdeok Hospital of Korean Medicine, 42 Seochojungang-ro, Seocho-gu, Seoul (06643)",,,,
mdcl_3365217,Jeju National University Hospital (제주대학교병원),33.4673065089,126.5452192161,Clinic,"15 Aran 13-gil, Jeju-si, Jeju-do (63241)",,,,
mdcl_3477597,Jin Convalescent Hospital (진요양병원),35.1801564905,126.8740745411,Clinic,"33, Daejasil-ro, Buk-gu, Jeonnam-Gwangju Special Metropolitan City (61256)",,,,
mdcl_3580474,Jivaka Beauty (지바카 뷰티),37.5021598208,127.0271961857,Clinic,"6th Floor, 16 Gangnam-daero 102-gil, Gangnam-gu, Seoul (06128)",,,,
mdcl_3539523,K-medi Spring (한강애봄),37.5917269245,127.0122366762,Clinic,"6th Floor, 63 Dongsomun-ro, Seongbuk-gu, Seoul (02832)",,,,
mdcl_3366195,"KJ Globaltour.Co.,Ltd (케이제이글로벌투어 주식회사)",35.1174351586,129.0418526750,Clinic,"(#303, Hando Building), 3-6 Jungang-daero 226beon-gil, Dong-gu, Busan (48733)",,,,
mdcl_3539864,KMO (케이엠오),35.8359757647,127.1509387343,Clinic,"#202, 218 Andeokwon-ro, Deokjin-gu, Jeonju-si, Jeonbuk-do (55008)",,,,
mdcl_3549160,KNOCKKNOCK PLANT DENTAL CLINIC (똑똑플란트치과의원),37.5012876901,127.0266462605,Clinic,"8th Floor, Jump Milano, 432 Gangnam-daero, Gangnam-gu, Seoul (06129)",,,,
mdcl_3365815,KUIMS (강동경희대학교병원),37.5533756623,127.1573245539,Clinic,"892 Dongnam-ro, Gangdong-gu, Seoul (05278)",,,,
mdcl_3365275,Kang Dong Hospital (강동병원),35.0894065745,128.9784811731,Clinic,"145 Dadae-ro, Saha-gu, Busan (49393)",,,,
mdcl_3453435,Kangbuk Samsung Hospital (강북삼성병원),37.5681816549,126.9686079871,Clinic,"29 Saemunan-ro, Jongno-gu, Seoul (03181)",,,,
mdcl_3364859,Keimyung University Dongsan Hospital (계명대학교 동산병원),35.8540557818,128.4802121609,Clinic,"1035 Dalgubeol-daero, Dalseo-gu, Daegu (42601)",,,,
mdcl_3364765,Kim Byoung Joon Ledas Varicose Vein Clinic (김병준 레다스 흉부외과의원),35.1588641444,129.0576418365,Clinic,"(11th-13th Floors, Youngkwang Bookstore Building), 10 Seomyeonmunhwa-ro, Busanjin-gu, Busan (47256)",,,,
mdcl_3473879,Kleam Clinic (클림의원),37.5558072531,126.9216848363,Clinic,"3F, 141 Yanghwa-ro, Mapo-gu, Seoul (03995)",,,,
mdcl_3366054,Kodi Plastic Surgery (코디성형외과의원),37.5003683433,127.0261602197,Clinic,"(5th Floor, Hanseung Building), 423 Gangnam-daero, Seocho-gu, Seoul (06614)",,,,
mdcl_3365295,Konkuk University Medical Center (건국대학교병원),37.5413644062,127.0719465561,Clinic,"120-1 Neungdong-ro, Gwangjin-gu, Seoul (05030)",,,,
mdcl_3466756,Konyang University Hospital (건양대학교병원),36.3063337752,127.3408926121,Clinic,"158 Gwanjeodong-ro, Seo-gu, Daejeon (35365)",,,,
mdcl_3441357,Korea Global Culture Exchange Center (KGCEC) ((주)케이지문화교류센터),37.4977440297,126.8922697078,Clinic,"#1404, 3 Gongwon-ro, Guro-gu, Seoul (08298)",,,,
mdcl_3575174,"Korea Institute of Radiological & Medical Sciences, Korea Cancer Center Hospital  (한국원자력의학원 원자력병원)",37.6281878800,127.0847179215,Clinic,"75 Nowon-ro, Nowon-gu, Seoul (01812)",,,,
mdcl_3450814,Korea Medical Institute Busan Branch ((재)한국의학연구소 부산분사무소),35.1387665027,129.0634807673,Clinic,"5F, 14 Jobang-ro, Dong-gu, Busan (48741)",,,,
mdcl_3450849,Korea Medical Institute Daegu Branch ((재)한국의학연구소 대구분사무소),35.8618264435,128.5942324526,Clinic,"B1-B2, 20 Jungang-daero 66-gil, Jung-gu, Daegu (41961)",,,,
mdcl_3367379,Korea Medical Institute Gangnam Clinic ((재)한국의학연구소 강남의원),37.5055515194,127.0508828223,Clinic,"5F-8F, 411 Teheran-ro, Gangnam-gu, Seoul (06160)",,,,
mdcl_3450820,Korea Medical Institute Gwangju Branch ((재)한국의학연구소 광주분사무소),35.1521453420,126.8489330215,Clinic,"8F-10F, 58 Sangmujungang-ro, Seo-gu, Jeonnam-Gwangju Special Metropolitan City (61949)",,,,
mdcl_3463820,Korea Medical Institute Jeju Clinic ((재)한국의학연구소 제주의원),33.2836603652,126.5595943387,Clinic,"61 Sororeum-ro, Seogwipo-si, Jeju-do (63579)",,,,
mdcl_3365179,Korea Medical Institute KMI Yeouido Clinic ((재)한국의학연구소 케이엠아이여의도의원),37.5243581865,126.9248548795,Clinic,"13F-15F & 17F-18F, 24 Gukjegeumyung-ro 2-gil, Yeongdeungpo-gu, Seoul (07325)",,,,
mdcl_3364978,Korea Medical Institute Korea Central Clinic ((재)한국의학연구소 한국중부의원),37.5055515194,127.0508828223,Clinic,"B1, 3rd, and 4th Floors, Gwanghwamun Building, 149 Sejong-daero, Jongno-gu, Seoul",,,,
mdcl_3450808,Korea Medical Institute Suwon Branch ((재)한국의학연구소 수원분사무소),37.2503086002,127.0347109160,Clinic,"1F-2F, 232 Dongsuwon-ro, Gwonseon-gu, Suwon-si, Gyeonggi-do (16553)",,,,
mdcl_3366241,Korea Medical Tourism Promotion Association ((사)대한의료관광진흥협회),37.5713258534,126.9752434045,Clinic,"(#601) 29-3 Saemunan-ro 9-gil, Jongno-gu, Seoul (03183)",,,,
mdcl_3365690,Korea University Anam Hospital (고려대학교 안암병원),37.5867138974,127.0277631817,Clinic,"73 Goryeodae-ro, Seongbuk-gu, Seoul (02841)",,,,
mdcl_3548857,Korea University Ansan Hospital (고려대학교 의과대학 부속 안산병원),37.3191857927,126.8258279683,Clinic,"123 Jeokgeum-ro, Danwon-gu, Ansan-si, Gyeonggi-do (15355)",,,,
mdcl_3364810,Korea University Guro Hospital (고려대학교의과대학부속 구로병원),37.4917056942,126.8839734117,Clinic,"148 Gurodong-ro, Guro-gu, Seoul (08308)",,,,
mdcl_3364075,Kosin University Gospel Hospital (고신대학교복음병원),35.0808387796,129.0160309182,Clinic,"262 Gamcheon-ro, Seo-gu, Busan (49267)",,,,
mdcl_3539538,KwangDong Hospital (광동병원),37.5143340360,127.0621621026,Clinic,"612 Bongeunsa-ro, Gangnam-gu, Seoul (06170)",,,,
mdcl_3365939,Kyung Hee University Medical Center (경희의료원),37.5938024091,127.0525857180,Clinic,"23 Kyungheedae-ro, Dongdaemun-gu, Seoul (02447)",,,,
mdcl_3364735,Laejoo Travel ((주)내주여행사),37.4766101264,126.8784298962,Clinic,"(#411), 534 Seobusaet-gil, Geumcheon-gu, Seoul (08505)",,,,
mdcl_3364369,Lante Obgyn (랑뜨산부인과의원),37.5035012829,127.0244630632,Clinic,"(5th Floor, Regen Medical Tower), 463 Gangnam-daero, Seocho-gu, Seoul (06611)",,,,
mdcl_3366963,Le : Dental Clinic (르치과의원),37.5045872884,127.0256073724,Clinic,"(9th Floor, Glaston Building), 108 Bongeunsa-ro, Gangnam-gu, Seoul (06123)",,,,
mdcl_3539776,Le Miel Plastic Surgery (르미엘성형외과의원),37.5701207196,126.9909336758,Clinic,"3rd Floor, 120 Jongno, Jongno-gu, Seoul (03192)",,,,
mdcl_3547762,Leaders Dermatology Clinic Apgujeong (리더스피부과의원 압구정점),37.5257821812,127.0329533260,Clinic,"4th-5th Floors, 843 Eonju-ro, Gangnam-gu, Seoul (06023)",,,,
mdcl_3547793,Leaders Dermatology Clinic CheongdamDosandaero (리더스피부과의원 청담도산대로점),37.5237658843,127.0404999179,Clinic,"4th-5th Floors, S&S TOWER, 409 Dosan-daero (Cheongdam-dong), Gangnam-gu, Seoul (06014)",,,,
mdcl_3547820,Leaders Dermatology Clinic CheongdamLuxuryStreet (리더스피부과의원 청담명품거리점),37.5265906574,127.0461243258,Clinic,"3rd Floor, Diana Building, 445 Apgujeong-ro (Cheongdam-dong), Gangnam-gu, Seoul (06010)",,,,
mdcl_3547641,Leaders Dermatology Clinic Myeongdong (리더스피부과의원 명동점),37.5591829169,126.9806210362,Clinic,"B1 Floor, 72 Toegye-ro (Hoehyeon-dong 1-ga, SK Leaders' View Namsan), Jung-gu, Seoul (04632)",,,,
mdcl_3477589,Lee & Chaeum Skin Clinic (리앤채움의원),37.5233907028,127.0279760687,Clinic,"4F, 837, Nonhyeon-ro, Gangnam-gu, Seoul (06031)",,,,
mdcl_3364584,Lee YoungJun Clinic of Korean Medicine (이영준한의원),36.8366972281,127.1458206683,Clinic,"(4th-5th Floors, Yongam Building), 388 Bongjeong-ro, Seobuk-gu, Cheonan-si, Chungcheongnam-do (31103)",,,,
mdcl_3466956,Lienjang Clinic (리엔장성형외과의원),37.4985296802,127.0268296551,Clinic,"14F-18F, 403 Gangnam-daero, Seocho-gu, Seoul (06615)",,,,
mdcl_3364680,Lift Plastic Surgery (리프트성형외과의원),35.8653316457,128.5966043686,Clinic,"(3rd,11th,12th Floors, S Tower), 2127 Dalgubeol-daero, Jung-gu, Daegu (41943)",,,,
mdcl_3467038,Lime Tree Dental Hospital (라임나무치과병원),37.5640657568,126.9847760746,Clinic,"7F, 43 Myeongdong-gil, Jung-gu, Seoul (04534)",,,,
mdcl_3364772,Live Again (리브어게인),37.4843373788,126.8992972227,Clinic,"(B201-161-6, Kolon Science Valley 2) 55 Digital-ro 34-gil, Guro-gu, Seoul (08378)",,,,
mdcl_3366266,Liz on with Yonsei Slimline Clinic (리즈온위드 연세슬림라인의원),37.5250157047,127.0385833910,Clinic,"(3rd Floor, Postam Building), 12 Seolleung-ro 153-gil, Gangnam-gu, Seoul (06019)",,,,
mdcl_3467170,Luke Korean Medicine Hospital (누가한방병원),35.8359757647,127.1509387343,Clinic,"218 Andeogwon-ro, Deokjin-gu, Jeonju-si, Jeonbuk-do (55008)",,,,
mdcl_3364621,Luxell Clinic (럭쎌내과한의원),37.5043097111,127.0349787497,Clinic,"(6th Floor, Sinsoae Building), 537 Nonhyeon-ro, Gangnam-gu, Seoul (06126)",,,,
mdcl_3563149,MEDIFUN Inc. (메디펀),35.1463795699,129.0651637455,Clinic,"8th Floor, Busan International Finance Center (BIFC), 40 Munhyeongeumyung-ro, Nam-gu, Busan (48400)",,,,
mdcl_3539613,MEDIPACT (메디팩트),37.4842048126,126.9413711727,Clinic,"2nd Floor, 9 Bongcheon-ro 31-gil, Gwanak-gu, Seoul (08750)",,,,
mdcl_3441528,MJ FLB ((주)엠제이에프엘비),37.5685818430,126.9816428989,Clinic,"#809, 8F, 40 Cheonggyecheon-ro, Jung-gu, Seoul (04521)",,,,
mdcl_3539972,MODEUNMO Clinic (모든모의원),37.5195077402,127.0235071411,Clinic,"2nd–4th Floors, 57 Nonhyeon-ro 151-gil, Gangnam-gu, Seoul (06036)",,,,
mdcl_3448339,MS Eye Clinic (엠에스안과의원),37.5066005712,127.0048647593,Clinic,"2F, 189 Sinbanpo-ro, Seocho-gu, Seoul (06512)",,,,
mdcl_3366148,Made U (메이드유 의원),37.5083229216,127.0231519347,Clinic,"(2nd-4th Floors, Made U Building), 516 Gangnam-daero, Gangnam-gu, Seoul (06114)",,,,
mdcl_3451537,Marble Plastic Surgery (마블성형외과의원),37.5012293446,127.0255769144,Clinic,"3F, 435 Gangnam-daero, Seocho-gu, Seoul (06612)",,,,
mdcl_3467148,Maria Fertility Hospital (마리아병원),37.5742653041,127.0255415154,Clinic,"20 Cheonho-daero, Dongdaemun-gu, Seoul (02586)",,,,
mdcl_3547521,MediCaddy Korea (메디캐디코리아),35.1523204502,129.0586113750,Clinic,"5th Floor, 34 Sincheon-daero 62beon-gil, Busanjin-gu, Busan (47289)",,,,
mdcl_3366684,Medical Avenue ((주)메디컬애비뉴),37.5470532890,126.9537710481,Clinic,"(#1433, Mapo T Town), 144 Mapo-daero, Mapo-gu, Seoul (04212)",,,,
mdcl_3562677,"Medical Korea Service Co., Ltd (주식회사 메디컬코리아서비스)",37.4976825909,127.0287433936,Clinic,"4th Floor, 8 Teheran-ro 2-gil, Gangnam-gu, Seoul (06232)",,,,
mdcl_3364716,Medicoper (메디코퍼),37.4498017779,126.7021633751,Clinic,"(6th Floor), 588 Inju-daero, Namdong-gu, Incheon (21570)",,,,
mdcl_3364727,"Medictel Co., Ltd.(㈜메딕텔)",37.3497456003,127.1070098987,Clinic,"(#428-36), 46 Dolma-ro, Bundang-gu, Seongnam-si, Gyeonggi-do (13630)",,,,
mdcl_3547509,Medid (메디드),35.1483210259,129.0654997742,Clinic,"#110, 14th Floor, 133 Jeonpo-daero, Nam-gu, Busan (48400)",,,,
mdcl_3364596,Medien International (메디엔인터내셔날),37.5333164511,126.6671725746,Clinic,"(Western Blue Hill 210-1402), 37 Bongojae-ro, Seohae-gu, Incheon (22732)",,,,
mdcl_3366498,Mediround.Corp (주식회사 메디라운드),37.5685818430,126.9816428989,Clinic,"10F, Unit B1031, 8, Gangnam-daero 69-gil, Seocho-gu, Seoul (04521)",,,,
mdcl_3364782,"Mediwin Co., Ltd. (주식회사 메디윈)",37.4908139796,127.0307239634,Clinic,"(#1111, Korea Business Center), 309 Gangnam-daero, Seocho-gu, Seoul (06628)",,,,
mdcl_3366186,Mine Plastic Surgery (마인성형외과의원),37.5212131783,127.0279927959,Clinic,"(3rd-6th Floors, Yeongseok Building), 813 Nonhyeon-ro, Gangnam-gu, Seoul (06032)",,,,
mdcl_3446967,Minish Dental Hospital (미니쉬치과병원),37.5199134535,127.0349116472,Clinic,"728 Eonju-ro, Gangnam-gu, 728 Eonju-ro, Gangnam-gu, Seoul (06057)",,,,
mdcl_3466973,MisoU Plastic Surgery (미소유성형외과의원),37.5053427377,127.0245713344,Clinic,"3F, 480 Gangnam-daero, Gangnam-gu, Seoul (06120)",,,,
mdcl_3539704,Mo & Bless Clinic (모앤블레스의원),37.5276402442,127.0299091065,Clinic,"2nd Floor, 208 Apgujeong-ro, Gangnam-gu, Seoul (06022)",,,,
mdcl_3441455,Mudiocean Inc. (주식회사 뮤디오션),37.5104591230,127.0419862712,Clinic,"4F, 7 Bongeunsa-ro 49-gil, Gangnam-gu, Seoul (06103)",,,,
mdcl_3364330,Myongji Hospital (명지병원),37.6422177931,126.8303796163,Clinic,"55 Hwasu-ro 14beon-gil, Deogyang-gu, Goyang-si, Gyeonggi-do (10475)",,,,
mdcl_3539857,NEW CFC lnc (㈜뉴씨에프씨),37.5068404766,126.7520016842,Clinic,"#303, Naru Building, 33 Gilju-ro 77beon-gil, Wonmi-gu, Bucheon-si, Gyeonggi-do (14543)",,,,
mdcl_3548924,NHIS Ilsan Hospital (국민건강보험 일산병원),37.6455278529,126.7930551539,Clinic,"100 Ilsan-ro, Ilsandong-gu, Goyang-si, Gyeonggi-do (10444)",,,,
mdcl_3562825,NUNE EYE HOSPITAL (누네안과병원),35.8637930304,128.6019511626,Clinic,"2179 Dalgubeol-daero, Jung-gu, Daegu (41940)",,,,
mdcl_3366081,Naeunhospital (나은병원),37.4891107030,126.6797948763,Clinic,"23 Wonjeok-ro, Seohae-gu, Incheon (22819)",,,,
mdcl_3364152,Namchon Medical Foundation Shihwa Medical Center (의료법인 남촌의료재단 시화병원),37.3500084231,126.7369851962,Clinic,"381 Gunjacheon-ro, Siheung-si, Gyeonggi-do (15034)",,,,
mdcl_3364783,Nana Plastic Surgery (나나성형외과의원),37.5062592900,127.0241296820,Clinic,"(2nd-10th and 12th-13th Floors, HM Tower), 492 Gamnam-daero, Gangnam-gu, Seoul (06119)",,,,
mdcl_3364686,Nanoori Hospital (나누리병원),37.5203606073,127.0339950515,Clinic,"(Nonhyeon-dong), 731 Eonju-ro, Gangnam-gu, Seoul (06048)",,,,
mdcl_3466847,Nasaret International Hospital (나사렛국제병원),37.4080032958,126.6705174206,Clinic,"98 Meonugeum-ro, Yeonsu-gu, Incheon (21972)",,,,
mdcl_3548942,Nell Clinic (넬의원),35.1561672317,129.0580529855,Clinic,"1st Floor, Centum Medical Tower, 60 Seomyeon-ro, Busanjin-gu, Busan (47286)",,,,
mdcl_3366798,Note Plastic Surgery (노트성형외과의원),37.5120002237,127.0204465215,Clinic,"(12th-15th Floors, Peyto Plaza Building), 563 Gangnam-daero, Seocho-gu, Seoul (06531)",,,,
mdcl_3366399,Nunevit Eye Clinic (누네빛안과의원),35.1569642998,129.0545393801,Clinic,"(7th-13th Floors, Nune Medi Tower), 77 Bujeon-ro, Busanjin-gu, Busan (47284)",,,,
mdcl_3575139,ODE Clinic (오드의원),37.4936247569,127.0303211426,Clinic,"8th Floor, Gyeongwon Building, 340 Gangnam-daero, Gangnam-gu, Seoul (06242)",,,,
mdcl_3365419,Oganacell Dermatology Clinic (오가나셀피부과의원),37.5231076562,127.0420970134,Clinic,"(2nd Floor, Building A, Cheongdam Square), 420 Dosan-daero, Gangnam-gu, Seoul (06062)",,,,
mdcl_3366149,Ohkims Dermatology Clinic (오킴스피부과의원),37.6519574063,126.7787979424,Clinic,"(10th Floor, New Samchang Building), 123 Gangseok-ro, Ilsandong-gu, Goyang-si, Gyeonggi-do (10414)",,,,
mdcl_3539851,Olive Skin Clinic (올리브피부과의원),35.2110712672,129.0079752862,Clinic,"6th Floor, 3 Mandeok-daero 27beon-gil, Buk-gu, Busan (46548)",,,,
mdcl_3549091,Onnuri Smile Eye Clinic (온누리스마일안과),37.4981130564,127.0265213615,Clinic,"B2 Floor, Ara Tower, 3 Seocho-daero 77-gil, Seocho-gu, Seoul (06615)",,,,
mdcl_3364916,Onul Plastic Surgery Clinic (오늘성형외과의원),37.5150748651,127.0203686636,Clinic,"(10th-11th Floors, Geukdong Building), 596 Gangnam-daero, Seocho-gu, Seoul (06038)",,,,
mdcl_3364207,Phil Hospital of Korean Medicine (필한방병원),36.3595005714,127.3778850862,Clinic,"(3rd,4th,11th Floors, Calix Building), 128 Cheongsa-ro, Seo-gu, Daejeon (35220)",,,,
mdcl_3539825,Pixelab Beauty Clinic (픽셀랩성형외과의원),37.5012793188,127.0244575708,Clinic,"3rd Floor, Gangnam Station Riga Square, 42 Seocho-daero 73-gil, Seocho-gu, Seoul (06612)",,,,
mdcl_3365748,Ppeum Global Clinic (쁨글로벌의원),37.5021625500,127.0244742114,Clinic,"(2nd Floor, APRO Square), 55 Seocho-daero 77-gil, Seocho-gu, Seoul (06611)",,,,
mdcl_3364793,Premiumpass International ((주)프리미엄패스 인터내셔널),37.5583330873,126.8293043003,Clinic,"(#501-507, Pine Square Building A), 22 Magokjungang 4-ro, Gangseo-gu, Seoul (07631)",,,,
mdcl_3366246,Ray Business Group Inc. (레이비즈니스그룹(주)),37.5077180576,127.0577404698,Clinic,"(#105, 10th Floor, WeWork Building), 507 Teheran-ro, Gangnam-gu, Seoul (06168)",,,,
mdcl_3574827,Reberry Clinic Gangnam (리베리의원 강남점),37.5018959170,127.0246686448,Clinic,"B1 Floor, KI Tower, 8 Gangnam-daero 69-gil, Seocho-gu, Seoul (06611)",,,,
mdcl_3575735,Reberry Clinic Myeongdong (리베리의원 명동점),37.5613410916,126.9857538405,Clinic,"#201, 2nd Floor & #301, 3rd Floor, 58 Myeongdong 10-gil, Jung-gu, Seoul (04536)",,,,
mdcl_3364907,Reberryclinic Yeongjongdo (리베리의원 영종도점),37.4891780531,126.5614723404,Clinic,"(3rd Floor), 20 Haneuljungang-ro 195beon-gil, Yeongjong-gu, Incheon (22397)",,,,
mdcl_3364835,Rebom Hospital (리봄한방병원),37.5163084100,127.0400862785,Clinic,"(2nd-4th Floors), 7 Hakdong-ro 50-gil, Gangnam-gu, Seoul (06099)",,,,
mdcl_3367607,Redtable Inc (주식회사 레드테이블),37.5675404193,126.9884367538,Clinic,"10F, SIGNATURE TOWER(WEST),100,Cheonggyecheon-ro, Jung-gu, Seoul (04542)",,,,
mdcl_3364647,Riz Laser Center (리즈산부인과),37.5176801538,127.0223406327,Clinic,"(3th-4th Floors, Gyeongseo Building), 127 Dosan-daero, Gangnam-gu, Seoul (06035)",,,,
mdcl_3447106,Roen OB&GYN Clinic (로앤산부인과의원),37.4985296802,127.0268296551,Clinic,"6F, 403 Gangnam-daero, Seocho-gu, Seoul (06615)",,,,
mdcl_3549199,Ruby Plastic Surgery Clinic (루비성형외과의원),37.5162441789,127.0206713808,Clinic,"9th-10th Floors, Lex Tower, 108 Dosan-daero, Gangnam-gu, Seoul (06038)",,,,
mdcl_3365216,S-plant Dental Hospital (에스플란트치과병원),37.5230270812,127.0404971618,Clinic,"(5th-9th Floors, Unit Building, Cheongdam-dong), 410 Dosan-daero, Gangnam-gu, Seoul (06062)",,,,
mdcl_3540013,SEOUL SHINSEGAE EYE CENTER (서울신세계안과의원),37.6137524714,127.0305427149,Clinic,"3rd–4th Floors, Y-Square, 52 Dobong-ro, Gangbuk-gu, Seoul (01215)",,,,
mdcl_3539449,SHINE BEAUTY MEDICAL (해우광해외무역),37.5135056947,127.0254460242,Clinic,"#510, MV Tower, 55 Gangnam-daero 132-gil, Gangnam-gu, Seoul (06045)",,,,
mdcl_3366449,SNU Eye Clinic (에스앤유안과의원),37.5175273435,127.0195270045,Clinic,"(3rd,12th Floors, ICT Tower), 624 Gangnam-daero, Gangnam-gu, Seoul (06035)",,,,
mdcl_3548866,SUNGJI HOSPITAL (성지병원),37.3455699012,127.9542500014,Clinic,"22 Wonil-ro, Wonju-si, Gangwon-do (26429)",,,,
mdcl_3547799,SYNERGY Plastic Surgery (시너지성형외과의원),37.5168329904,127.0201241919,Clinic,"1st, 5th Floors, SYH Tower, 107 Dosan-daero, Gangnam-gu, Seoul (06035)",,,,
mdcl_3580254,Saengki Korean Medicine Clinic (생기한의원 강남역),37.4981130564,127.0265213615,Clinic,"14th Floor, Ara Tower, 3 Seocho-daero 77-gil, Seocho-gu, Seoul (06615)",,,,
mdcl_3367337,Samsung Medical Center (삼성서울병원),37.4869209273,127.0830526451,Clinic,"81 Irwon-ro, Gangnam-gu, Seoul (06351)",,,,
mdcl_3365455,Samsung Miracle Eye Clinic (삼성미라클안과의원),37.4991130020,127.0299210232,Clinic,"(7th,14th Floors), 115 Teheran-ro, Gangnam-gu, Seoul (06134)",,,,
mdcl_3366568,Samsung Rehan Woman's Clinic (삼성리한여성의원),35.1691790811,129.1766811994,Clinic,"(#B-203, Ungsin Cine Art), 802 Haeundae-daero, Haeundae-gu, Busan (48111)",,,,
mdcl_3466895,Seoul BGSS Eye Clinic (서울밝은세상안과),37.5256878628,127.0393583011,Clinic,"2F & 5F-7F, 823 Seolleung-ro, Gangnam-gu, Seoul (06018)",,,,
mdcl_3364802,Seoul Jaeil Hospital (서울제일병원),37.0799232456,127.0624936985,Clinic,"(1078 Jisan-dong), 70 Jisan-ro, Pyeongtaek-si, Gyeonggi-do (17763)",,,,
mdcl_3548731,Seoul Miz Hospital (서울미즈병원),37.5379519216,127.1278748958,Clinic,"1041 Cheonho-daero, Gangdong-gu, Seoul (05335)",,,,
mdcl_3547944,Seoul National University Bundang Hospital (분당서울대학교병원),37.3502569486,127.1235139411,Clinic,"3rd Floor, Building 1, International Healthcare Center, 82 Gumi-ro 173beon-gil, Bundang-gu, Seongnam-si, Gyeonggi-do (13620)",,,,
mdcl_3548388,Seoul National University Hospital (서울대학교병원),37.5802558498,127.0019157204,Clinic,"101 Daehak-ro, Jongno-gu, Seoul (03080)",,,,
mdcl_3365516,Seoul National University Hospital Gangnam Center (서울대학교병원 강남의원),37.5000768968,127.0365231734,Clinic,"(38th,39th Floors and Part of 3rd Floor), 152 Teheran-ro, Gangnam-gu, Seoul (06236)",,,,
mdcl_3364691,Seoul Novos Hospital (서울노보스병원),37.6688407487,127.0438316008,Clinic,"720 Dobong-ro, Dobong-gu, Seoul (01333)",,,,
mdcl_3562362,Seoul Today Dental Clinic (서울오늘치과의원),37.6522622327,126.8954400577,Clinic,"3rd Floor, 63 Dongsong-ro, Deogyang-gu, Goyang-si, Gyeonggi-do (10590)",,,,
mdcl_3548909,Severance Hospital (연세대학교 의과대학 세브란스병원),37.5603598026,126.9384859539,Clinic,"50-1 Yonsei-ro, Seodaemun-gu, Seoul (03722)",,,,
mdcl_3364843,Sinchon Dain Dental Hospital (신촌다인치과병원),37.5550492645,126.9360168847,Clinic,"(10th-11th Floors, Grand Plaza), 94 Sinchon-ro, Mapo-gu, Seoul (04058)",,,,
mdcl_3539436,Slimfit Korean Medicine Clinic (슬림핏한의원),35.1573726408,129.0574280069,Clinic,"4th Floor, 784 Gaya-daero, Busanjin-gu, Busan (47285)",,,,
mdcl_3450964,Sojunghannun Ophthalmology Clinic (센텀소중한눈안과),35.1681477998,129.1313296159,Clinic,"14F, 50 Centum nam-daero, Haeundae-gu, Busan (48060)",,,,
mdcl_3365517,Soon Chun Hyang University Hospital Bucheon (순천향대학교 부속 부천병원),37.4991748883,126.7625703789,Clinic,"170 Jomaru-ro, Wonmi-gu, Bucheon-si, Gyeonggi-do (14584)",,,,
mdcl_3364606,Soon Chun Hyang University Hospital Seoul (순천향대학교 부속 서울병원),37.5335030003,127.0047362327,Clinic,"59 Daesagwan-ro, Yongsan-gu, Seoul (04401)",,,,
mdcl_3366080,Soonplus Plastic Surgery · Dermatology (순플러스성형외과의원),37.5144943596,127.0194021015,Clinic,"(12th-13th Floors, Mulberry Hills Medical Building), 589 Gangnam-daero, Seocho-gu, Seoul (06526)",,,,
mdcl_3364741,Sophia Women's Clinic (소피아여성의원),35.8155856300,127.1054988676,Clinic,"(3rd Floor), 245 Hongsan-ro, Wansan-gu, Jeonju-si, Jeonbuk-do (54966)",,,,
mdcl_3364882,St. Mary's Jin Eye Center (성모 진 안과 의원),37.4931497978,127.0295128963,Clinic,"(1st,4th,5th Floors), 337 Gangnam-daero, Seocho-gu, Seoul (06626)",,,,
mdcl_3548775,St. Peter's General Hospital (강남베드로종합병원),37.4854202876,127.0377873616,Clinic,"2633 Nambusunhwan-ro, Gangnam-gu, Seoul (06268)",,,,
mdcl_3364748,Stantop Urology & Andrology Clinic (스탠탑비뇨의학과의원),37.5050705620,127.0254101547,Clinic,"(2nd,B2 Floors), 107 Bongeunsa-ro, Gangnam-gu, Seoul (06120)",,,,
mdcl_3441413,Star Parks (스타팍스 주식회사),37.4576313727,127.1658348375,Clinic,"#101, 11 Euni-ro, Jungwon-gu, Seongnam-si, Gyeonggi-do (13153)",,,,
mdcl_3547594,Stenlee (스텐리),37.5709981632,126.9779959406,Clinic,"15th Floor, 1 Jongno (Kyobo Life Building), Jongno-gu, Seoul (03154)",,,,
mdcl_3539762,"Style82 Co., Ltd. (㈜스타일82)",37.4800458328,126.8781298265,Clinic,"#303, Gasan Urban Work I, 135 Gasan digital 2-ro, Geumcheon-gu, Seoul (08504)",,,,
mdcl_3366506,"Sungsam Medical Foundation, Miz Medi Hospital (성삼의료재단미즈메디병원)",37.5522366912,126.8358705393,Clinic,"295 Gangseo-ro, Gangseo-gu, Seoul (07639)",,,,
mdcl_3366193,Syncverse (주식회사 싱크버스),37.6211940583,126.9196498398,Clinic,"(B103, Bethel Building), 875 Tongil-ro, Eunpyeong-gu, Seoul (03329)",,,,
mdcl_3574535,THE RIVER DEMATOLOGY (더리버피부과의원),37.5354231146,126.8995207648,Clinic,"6th Floor, 68 Yangpyeong-ro, Yeongdeungpo-gu, Seoul (07222)",,,,
mdcl_3549040,THE WELL SAEM HOSPITAL OF KOREAN MEDICINE (더웰샘한방병원),37.4760869608,126.9776930947,Clinic,"4th, 6th Floors, Hanil Plaza, 7 Namhyeon-gil (Namhyeon-dong), Gwanak-gu, Seoul (08806)",,,,
mdcl_3364700,Thank You Korean Medicine Clinic (고마워한의원),35.1370201197,129.0983472266,Clinic,"(#505, Sewoong Building), 295 Suyeong-ro, Nam-gu, Busan (48434)",,,,
mdcl_3365967,The 3.0 Clinic (더3.0피부과의원),37.5234184681,127.0274566711,Clinic,"(4th Floor, Cham Building, Sinsa-dong), 48 Apgujeong-ro 28-gil, Gangnam-gu, Seoul (06031)",,,,
mdcl_3367054,The Catholic Univ. of Kroea Incheon ST.Mary's Hospital (가톨릭대학교 인천성모병원),37.4852786131,126.7248797595,Clinic,"56 Dongsu-ro, Bupyeong-gu, Incheon (21431)",,,,
mdcl_3548179,The Catholic University of Korea Bucheon St. Mary’s Hospital (가톨릭대학교 부천성모병원),37.4873351510,126.7937373126,Clinic,"327 Sosa-ro, Wonmi-gu, Bucheon-si, Gyeonggi-do (14647)",,,,
mdcl_3466682,The Catholic University of Korea Seoul St. Mary's Hospital  (가톨릭대학교 서울성모병원),37.4996902526,127.0043094496,Clinic,"222 Banpo-daero, Seocho-gu, Seoul (06591)",,,,
mdcl_3364983,"The Catholic University of Korea, Yeouido St. Mary's Hospital (가톨릭대학교 여의도성모병원)",37.5181452204,126.9360734763,Clinic,"(Yeouido-dong), 10 63-ro, Yeongdeungpo-gu, Seoul (07345)",,,,
mdcl_3364757,The Clim Clinic (더끌림산부인과의원),37.5610049857,126.9838790209,Clinic,"(12th Floor, 2431 Building),109 Toegye-ro, Jung-gu, Seoul (04536)",,,,
mdcl_3539891,The First Skin Clinic (더퍼스트피부과의원 부산본점),35.2342271037,129.0133325186,Clinic,"#702–704, 287 Geumgok-daero, Buk-gu, Busan (46526)",,,,
mdcl_3366265,Topface Plastic Surgery (탑페이스성형외과의원),37.5240934132,127.0287620889,Clinic,"(4th Floor, Apgujeong Building), 842 Nonhyeon-ro, Gangnam-gu, Seoul (06025)",,,,
mdcl_3575408,Toxnfill Clinic (톡스앤필의원 강남),37.4996128797,127.0263546669,Clinic,"10th–11th Floors, Daedong Building, 415 Gangnam-daero, Seocho-gu, Seoul (06614)",,,,
mdcl_3467319,Trinity Women's Clinic (트리니티여성의원),37.5162441789,127.0206713808,Clinic,"3F, 108 Dosan-daero, Gangnam-gu, Seoul (06038)",,,,
mdcl_3441533,Trium House (주식회사 트리움하우스),37.4123915581,127.1315920088,Clinic,"2F, Na-dong, 13-8 Jangmi-ro 92beon-gil, Bundang-gu, Seongnam-si, Gyeonggi-do (13505)",,,,
mdcl_3364883,Trueman Clinic (트루맨남성의원),37.4981130564,127.0265213615,Clinic,"(7th Floor, Ara Tower), 3 Seocho-daero 77-gil, Seocho-gu, Seoul (06615)",,,,
mdcl_3366468,VIP Plastic Surgery (VIP성형외과),33.4894754142,126.4909845373,Clinic,"(3rd Floor), 46 Eunnam 1-gil, Jeju-si, Jeju-do (63124)",,,,
mdcl_3365081,Verygood Plastic Surgery (베리굿성형외과의원),37.4996073141,127.0257686102,Clinic,"(8th-9th Floors, Block 77), 17 Seocho-daero 77-gil, Seocho-gu, Seoul (06614)",,,,
mdcl_3364779,View Plastic Surgery (뷰성형외과),37.5050705620,127.0254101547,Clinic,"107 Bongeunsa-ro, Gangnam-gu, Seoul (06120)",,,,
mdcl_3539958,WENERD Corp. (주식회사 위너드),37.5590677414,126.9080443215,Clinic,"#201, Saul Building, 21 Seongmisan-ro 1-gil, Mapo-gu, Seoul (03971)",,,,
mdcl_3453344,WIZ & MI Clinic (위즈앤미의원),37.5647851014,126.9838705814,Clinic,"#401-#403, 21 Myeongdong 7-gil, Jung-gu, Seoul (04534)",,,,
mdcl_3467329,WOOA Plastic Surgery (우아성형외과의원),37.5062592900,127.0241296820,Clinic,"492 Gangnam-daero, Gangnam-gu, Seoul (06119)",,,,
mdcl_3575249,WOORIDUL SPINE HOSPITAL (우리들병원),37.5191499175,127.0495964432,Clinic,"445 Hakdong-ro, Gangnam-gu, Seoul (06068)",,,,
mdcl_3365654,We Hospital (WE병원),33.2861082705,126.4442681743,Clinic,"453-95 1100-ro, Seogwipo-si, Jeju-do (63551)",,,,
mdcl_3366158,We Trip Korea ((주)우리클럽관광개발),37.5452284392,126.9503158589,Clinic,"(101-1204, Lotte Castle President), 467 Gongdeok-dong, Mapo-gu, Seoul (04146)",,,,
mdcl_3364935,Wonjin Plastic Surgery (원진성형외과의원),37.4998545157,127.0262268942,Clinic,"(12th-18th Floors, Pagoda Tower), 419 Gangnam-daero, Seocho-gu, Seoul (06614)",,,,
mdcl_3447081,Wonju Severance Christian Hospital (연세대학교 원주세브란스기독병원),37.3490693585,127.9468311240,Clinic,"20 Ilsan-ro, Wonju-si, Gangwon-do (26426)",,,,
mdcl_3365977,Wonkwang University Hospital (원광대학교병원),35.9639828466,126.9582581162,Clinic,"895 Muwang-ro, Iksan-si, Jeonbuk-do (54538)",,,,
mdcl_3364920,Woo Joo Yon Clinic (우주연한의원),37.5830941296,126.9863503920,Clinic,"(2nd Floor, Hanok), 41 Bukchon-ro 12-gil, Jongno-gu, Seoul (03056)",,,,
mdcl_3364645,Wowvos ((주)와우보스),37.5024106311,126.7629813619,Clinic,"(4th Floor, Buil Building), 135 Sohyang-ro, Bucheon-si, Gyeonggi-do (14547)",,,,
mdcl_3539724,YH Korea Inc. (와이에이치코리아 주식회사),37.5338740369,126.6285733053,Clinic,"#2211, Cheongna Cube Signature 1st Officetel, 10 Cheongna hannae-ro 100beon-gil, Seohae-gu, Incheon (22758)",,,,
mdcl_3562418,YONSEI HEAL DENTAL CLINIC (연세힐치과의원),37.5463123815,126.8359845849,Clinic,"1st–2nd Floor, Ujangsan Harrington Tower, 231 Gangseo-ro, Gangseo-gu, Seoul (07705)",,,,
mdcl_3562464,YOU&I Clinic Daegu (유앤아이의원 대구점),35.8685812303,128.5940128393,Clinic,"3rd Floor, Hyundai Building, 398 Jungang-daero, Jung-gu, Daegu (41937)",,,,
mdcl_3562610,YOU&I Clinic Jamsil (유앤아이의원 잠실점),37.5123821225,127.0976311526,Clinic,"3rd Floor, Lotte World Wellbeing Center, 240 Olympic-ro, Songpa-gu, Seoul (05554)",,,,
mdcl_3562681,YOU&I Clinic Kundae (유앤아이의원 건대점),37.5411810221,127.0679441480,Clinic,"2nd Floor, 219 Achasan-ro, Gwangjin-gu, Seoul (05019)",,,,
mdcl_3562474,YOU&I Clinic Myeongdong (유앤아이의원 명동점),37.5642379283,126.9830206742,Clinic,"#F301, 3rd Floor, Timewalk Myeong-dong Building, 78 Namdaemun-ro, Jung-gu, Seoul (04534)",,,,
mdcl_3562585,YOU&I Clinic Wangsimni (유앤아이의원 왕십리점),37.5617808002,127.0342577423,Clinic,"2nd–3rd Floor, Handong Tower, 315 Wangsimni-ro, Seongdong-gu, Seou (04715)",,,,
mdcl_3539998,YallaKOREA (얄라코리아),37.5704592339,126.9722575901,Clinic,"#700, The Salvation Army Building, 69 Saemunan-ro, Jongno-gu, Seoul (03175)",,,,
mdcl_3366062,Yeon-San Dangdang Korean Medicine Hospital (연산당당한방병원),35.1818398361,129.0840028018,Clinic,"82 World cup-daero, Yeonje-gu, Busan (47580)",,,,
mdcl_3447019,Yeson Voice Center (예송이비인후과 음성센터),37.5235715870,127.0474298483,Clinic,"773 Samseong-ro, Gangnam-gu, Seoul (06062)",,,,
mdcl_3574999,Yonsei GoodDay Dental Clinic (연세굿데이치과의원 수서점),37.4881628110,127.1031202287,Clinic,"2nd Floor, Suseo Office Building, 281 Gwangpyeong-ro, Gangnam-gu, Seoul (06349)",,,,
mdcl_3591216,Yonsei GoodDay Dental Clinic Yangjae Office (연세굿데이치과의원 양재점),37.4827122461,127.0365319967,Clinic,"5th–6th Floors, 206 Gangnam-daero, Seocho-gu, Seoul (06743)",,,,
mdcl_3563108,Yonsei University Dental Hospital (연세대학교 치과대학병원),37.5603598026,126.9384859539,Clinic,"50-1 Yonsei-ro, Seodaemun-gu, Seoul (03722)",,,,
mdcl_3364593,You&I Clinic Gangnam (강남유앤아이의원),37.5044011894,127.0250713153,Clinic,"(5th-6th Floors, 808 Tower), 470 Gangnam-daero, Gangnam-gu, Seoul (06123)",,,,
mdcl_3364611,Youth Clinic (유스의원),37.5210641098,126.9240022713,Clinic,"(4th Floor, Islex), 108 Uisadang-daero, Yeongdeungpo-gu, Seoul (07322)",,,,
mdcl_3575462,Youus Tours (유어스투어),37.5586163066,126.8247435978,Clinic,"#912-913, Magok M-Signature, 20 Magokjungang 1-ro, Gangseo-gu, Seoul (07807)",,,,
mdcl_3574754,line-up dental hospital (라인업치과병원),35.1597306905,129.0563558132,Clinic,"3rd–4th Floors, 26 Seomyeonmunhwa-ro, Busanjin-gu, Busan (47256)",,,,
mdcl_3539944,"medicity Co., Ltd (주식회사 메디씨티)",37.6645446192,126.7669875552,Clinic,"#302, 43-55 Mugunghwa-ro, Ilsandong-gu, Goyang-si, Gyeonggi-do (10364)",,,,
